"actor_code","actor_name","synonym","tier","source","status","evidence","added"
"AUS1","Department of Foreign Affairs and Trade, Australia","Department of Foreign Affairs and Trade","trusted","registry-rule:comma","active","","2026-09-14"
"AUS3","Australian National University","ANU","trusted","website","active","anu.edu.au heading: About ANU","2026-09-14"
"AUS4","Commonwealth Scientific and Industrial Research","Commonwealth Scientific and Industrial Research Organisation","trusted","website","active","csiro.au title (registry name is missing the last word)","2026-09-14"
"AUS4","Commonwealth Scientific and Industrial Research","CSIRO","trusted","website","active","csiro.au title ends: Australian Government - CSIRO","2026-09-14"
"AUS5","University of Queensland Australia","The University of Queensland","trusted","website","active","uq.edu.au title and og:site_name","2026-09-14"
"AUT1","University of Vienna","Universität Wien","trusted","website","active","univie.ac.at title and og:site_name","2026-09-14"
"AUT4","Nourivit Technologies","Valibiotics","trusted","website","active","site now titles itself: Start - Valibiotics (renamed)","2026-09-14"
"AUT6","Hope '87 - Hundreds of Original Projects for Employment","HOPE '87","trusted","website","active","hope87.at title: HOPE '87 - Hundreds of Original Projects for Employment","2026-09-14"
"AUT7","City of Vienna, Austria","City of Vienna","trusted","registry-rule:comma","active","","2026-09-14"
"BDI1","Institut des Sciences Agronomiques du Burundi","ISABU","trusted","website","active","og:site_name: ISABU","2026-09-14"
"BEL10","Université Catholique de Louvain","UCLouvain","trusted","website","active","redirects to uclouvain.be","2026-09-14"
"BEL11","Académie de Recherche et d’Enseignement Supérieur","ARES","trusted","website","active","title: Accueil | ARES","2026-09-14"
"BEL12","Free University of Brussels","Université Libre de Bruxelles","trusted","website","active","title: ULB - UNIVERSITE LIBRE DE BRUXELLES","2026-09-14"
"BEL13","University of Mons","UMONS","trusted","website","active","heading: Tu souhaites t'inscrire à l'UMONS ?","2026-09-14"
"BEL13","University of Mons","Université de Mons","trusted","website","active","og:site_name: Université de Mons","2026-09-14"
"BEL17","Red Cross Belgium","Croix-Rouge de Belgique","trusted","website","active","title: ... | Croix-Rouge de Belgique","2026-09-14"
"BEL19","University of Namur","UNamur","trusted","website","active","og:site_name: UNamur","2026-09-14"
"BEL19","University of Namur","Université de Namur","trusted","website","active","title: Université de Namur","2026-09-14"
"BEL20","SOS Faim","Humundi","trusted","website","active","title: Humundi, anciennement SOS Faim; heading: SOS Faim devient HUMUNDI (renamed)","2026-09-14"
"BEL21","Trias Worldwide","Trias","trusted","website","active","title: Trias - Turning dreams into opportunities","2026-09-14"
"BEL22","Entrepreneurs for Entrepreneurs","OVO","trusted","website","active","title and heading: OVO strengthens entrepreneurship in Africa","2026-09-14"
"BEL27","Ghent University","Universiteit Gent","trusted","website","active","og:site_name: Universiteit Gent","2026-09-14"
"BEL28","Collibri Foundation","Colruyt Group Foundation","trusted","website","active","redirects to colruytgroupfoundation.org; title: Colruyt Group Foundation","2026-09-14"
"BEL29","Province of West Flanders, Belgium","Province of West Flanders","trusted","registry-rule:comma","active","","2026-09-14"
"BEL31","Agence Wallonne de l'Air et Climat, Belgium","Agence Wallonne de l'Air et Climat","trusted","registry-rule:comma","active","","2026-09-14"
"BEL31","Agence Wallonne de l'Air et Climat, Belgium","AWAC","trusted","website","active","title: Accueil - AWAC; og:site_name: AWAC","2026-09-14"
"BEL32","Wallonie-Bruxelles International","WBI","trusted","website","active","title: Wallonie-Bruxelles International (WBI)","2026-09-14"
"BEL33","Province of Antwerp, Belgium","Province of Antwerp","trusted","registry-rule:comma","active","","2026-09-14"
"BEL33","Province of Antwerp, Belgium","Provincie Antwerpen","trusted","website","active","title: Provincie Antwerpen","2026-09-14"
"BEL4","Flanders Research Institute for Agriculture, Fisheries and Food","ILVO","trusted","website","active","og:site_name: ILVO (English); title: ILVO Vlaanderen","2026-09-14"
"BEL5","University of Liege","ULiège","trusted","website","active","title: ULiège","2026-09-14"
"BEL6","Belgian Development Agency","Belgian Agency for International Cooperation","trusted","website","active","og:site_name","2026-09-14"
"BEL6","Belgian Development Agency","Enabel","trusted","website","active","title: Enabel - Belgian agency for international cooperation (renamed)","2026-09-14"
"BEL8","Veterinaires Sans Frontieres Belgique","VSF","trusted","registry-rule:acronym-split","active","","2026-09-14"
"BEL9","CO2 Logic","CO2logic","trusted","website","active","title: Your climate journey begins here with CO2logic","2026-09-14"
"BEN3","University of Abomey-Calavi","UAC","trusted","website","active","redirects to uac.bj","2026-09-14"
"BEN3","University of Abomey-Calavi","Université d'Abomey-Calavi","trusted","website","active","uac.bj title and og:site_name: UNIVERSITE D'ABOMEY CALAVI","2026-09-14"
"BEN4","National Center of Management of Fauna Reserves, Benin","National Center of Management of Fauna Reserves","trusted","registry-rule:comma","active","","2026-09-14"
"BF1","Ministry of Agriculture and Irrigation Development, Burkina Faso","MAERAH","trusted","website","active","agriculture.bf title ends (MAERAH)","2026-09-14"
"BF1","Ministry of Agriculture and Irrigation Development, Burkina Faso","Ministère de l'Agriculture, de l'Eau, des Ressources Animales et Halieutiques","trusted","website","active","agriculture.bf title - the ministry's current name","2026-09-14"
"BF1","Ministry of Agriculture and Irrigation Development, Burkina Faso","Ministry of Agriculture and Irrigation Development","trusted","registry-rule:comma","active","","2026-09-14"
"BF10","National Agency for the Promotion of Research and Innovations, Burkina Faso","National Agency for the Promotion of Research and Innovations","trusted","registry-rule:comma","active","","2026-09-14"
"BF108","National Meteorological Agency, Burkina Faso","National Meteorological Agency","candidate","registry-rule:comma","active","","2026-09-14"
"BF114","Association of Mango Professionals of Burkina Faso","APROMA","trusted","registry-rule:acronym-split","active","","2026-09-14"
"BF116","Technical Secretariat for Apiculture, Ministry of Animal and Fishing Resources, Burkina Faso","Technical Secretariat for Apiculture, Ministry of Animal and Fishing Resources","trusted","registry-rule:comma","active","","2026-09-14"
"BF124","Urban Economic Development Agency, Burkina Faso","Urban Economic Development Agency","trusted","registry-rule:comma","active","","2026-09-14"
"BF127","Union des Cooperatives de Productrices de Produits Karite du Houet","UCPPK","trusted","registry-rule:acronym-split","active","","2026-09-14"
"BF131","UNION Sowdjoma","CAS","trusted","registry-rule:acronym-split","active","","2026-09-14"
"BF131","UNION Sowdjoma","SPBK","trusted","registry-rule:acronym-split","active","","2026-09-14"
"BF131","UNION Sowdjoma","USCOOP","trusted","registry-rule:acronym-split","active","","2026-09-14"
"BF132","L’Union des Groupements Féminins Ce Dwane Nyee","CDN","trusted","registry-rule:acronym-split","active","","2026-09-14"
"BF132","L’Union des Groupements Féminins Ce Dwane Nyee","UGF","trusted","registry-rule:acronym-split","active","","2026-09-14"
"BF14","University of Aube Nouvelle","AUBEN","trusted","registry-rule:acronym-split","active","","2026-09-14"
"BF14","University of Aube Nouvelle","Université Aube Nouvelle","trusted","website","active","title: Accueil - Université Aube Nouvelle","2026-09-14"
"BF15","University Unit in Bobo-Dioulasso","UCAO","trusted","registry-rule:acronym-split","active","","2026-09-14"
"BF15","University Unit in Bobo-Dioulasso","UUB","trusted","registry-rule:acronym-split","active","","2026-09-14"
"BF152","The Guardian Angels of Nature","Guardian Angels of Nature","trusted","registry-rule:the","active","","2026-09-14"
"BF154","Commune de Po, Burkina Faso","Commune de Po","trusted","registry-rule:comma","active","","2026-09-14"
"BF155","Commune de Guiaro, Burkina Faso","Commune de Guiaro","trusted","registry-rule:comma","active","","2026-09-14"
"BF16","Free University of Burkina","Université Libre du Burkina","trusted","website","active","directory page title: Université Libre du Burkina (ULB)","2026-09-14"
"BF17","Centre Agricole Polyvalent de Matourkou","CAP","trusted","registry-rule:acronym-split","active","","2026-09-14"
"BF19","Permanent Secretariat of the Coordination Unit for Agricultural Sector Policies, Burkina Faso","CPSA","trusted","registry-rule:acronym-split","active","","2026-09-14"
"BF19","Permanent Secretariat of the Coordination Unit for Agricultural Sector Policies, Burkina Faso","Permanent Secretariat of the Coordination Unit for Agricultural Sector Policies","trusted","registry-rule:comma","active","","2026-09-14"
"BF2","Ministry for Animal Resources and Fisheries, Burkina Faso","Ministère des Ressources Animales et Halieutiques","trusted","website","active","og:site_name","2026-09-14"
"BF2","Ministry for Animal Resources and Fisheries, Burkina Faso","Ministry for Animal Resources and Fisheries","trusted","registry-rule:comma","active","","2026-09-14"
"BF20","Secrétariat Permanent du Conseil National pour l'Environnement et le Développement Durable, Burkina Faso","CONEDD","trusted","registry-rule:acronym-split","active","","2026-09-14"
"BF20","Secrétariat Permanent du Conseil National pour l'Environnement et le Développement Durable, Burkina Faso","Secrétariat Permanent du Conseil National pour l'Environnement et le Développement Durable","trusted","registry-rule:comma","active","","2026-09-14"
"BF20","Secrétariat Permanent du Conseil National pour l'Environnement et le Développement Durable, Burkina Faso","SP/CONEDD","trusted","website","active","heading ends (SP/CONEDD)","2026-09-14"
"BF21","National Bureau of Soils, Burkina Faso","National Bureau of Soils","trusted","registry-rule:comma","active","","2026-09-14"
"BF22","MARP Burkina Network","Réseau MARP Burkina","trusted","website","active","og:site_name: RESEAU MARP Burkina","2026-09-14"
"BF24","National Chamber of Agriculture, Burkina Faso","Chambre Nationale d'Agriculture","trusted","website","active","cna-burkina.org title","2026-09-14"
"BF24","National Chamber of Agriculture, Burkina Faso","National Chamber of Agriculture","trusted","registry-rule:comma","active","","2026-09-14"
"BF25","Peasant Confederation of Burkina Faso","CPF","trusted","website","active","cpf-bf.org title: CPF - ACCUEIL","2026-09-14"
"BF27","National Fund for Research and Innovation for Development, Burkina Faso","National Fund for Research and Innovation for Development","trusted","registry-rule:comma","active","","2026-09-14"
"BF28","General Directorate for Vegetable Productions, Burkina Faso","General Directorate for Vegetable Productions","trusted","registry-rule:comma","active","","2026-09-14"
"BF30","National Federation of Naam Groups","FNGN","trusted","website","active","fngnbf.org title: les activités de la FNGN","2026-09-14"
"BF31","Association Nodde Nooto","A2N","trusted","website","active","noddenooto.org title: A2N NODDE NOOTO","2026-09-14"
"BF31","Association Nodde Nooto","A2N Nodde Nooto","trusted","website","active","noddenooto.org title","2026-09-14"
"BF33","Ministry of Economy, Finance and Development, Burkina Faso","Ministry of Economy, Finance and Development","trusted","registry-rule:comma","active","","2026-09-14"
"BF38","Inter Zone Association for Rural Development","AIDMR","trusted","website","active","aidmr site title and og:site_name: L'AIDMR","2026-09-14"
"BF39","Cooperative for the Provision of Agricultural Service (Coobsa)","COPSA","trusted","registry-rule:acronym-split","active","","2026-09-14"
"BF40","Permanent Secretariat for Integrated Water Resources Management, Burkina Faso","GIRE","trusted","registry-rule:acronym-split","active","","2026-09-14"
"BF40","Permanent Secretariat for Integrated Water Resources Management, Burkina Faso","Permanent Secretariat for Integrated Water Resources Management","trusted","registry-rule:comma","active","","2026-09-14"
"BF41","Office National de l'Eau et l'Assainissement, Burkina Faso","Office National de l'Eau et l'Assainissement","trusted","registry-rule:comma","active","","2026-09-14"
"BF42","General Directorate of the Economy and Planning, Burkina Faso","General Directorate of the Economy and Planning","trusted","registry-rule:comma","active","","2026-09-14"
"BF44","Direction Generale des Amenagement Hydrauliques et du Developpement de l'Irrigation, Burkina Faso","Direction Generale des Amenagement Hydrauliques et du Developpement de l'Irrigation","trusted","registry-rule:comma","active","","2026-09-14"
"BF45","Union of Groups for the Marketing of Agricultural Products of the Boucle du Mouhoun","UGCPA","trusted","registry-rule:acronym-split","active","","2026-09-14"
"BF48","La-Toden District, Burkina Faso","La-Toden District","trusted","registry-rule:comma","active","","2026-09-14"
"BF49","Middle School Charles Lwanga de Nouna, Burkina Faso","Collège Charles Lwanga","trusted","website","active","site title","2026-09-14"
"BF49","Middle School Charles Lwanga de Nouna, Burkina Faso","Middle School Charles Lwanga de Nouna","trusted","registry-rule:comma","active","","2026-09-14"
"BF50","Projet de Production International Burkina Faso","PPI Industriel","trusted","website","active","site title and og:site_name","2026-09-14"
"BF52","Association for the Development of Yaongo Village, Burkina Faso","ADVY","trusted","website","active","og:site_name: A.D.V.Y","2026-09-14"
"BF52","Association for the Development of Yaongo Village, Burkina Faso","Association for the Development of Yaongo Village","trusted","registry-rule:comma","active","","2026-09-14"
"BF52","Association for the Development of Yaongo Village, Burkina Faso","Association pour le Développement du Village de Yaongo","trusted","website","active","site title","2026-09-14"
"BF54","Association pour la Protection de l'Environement et le Developpement Rural","APEDR","trusted","website","active","site title: association APEDR","2026-09-14"
"BF55","Village of Yoango, Burkina Faso","Village of Yoango","trusted","registry-rule:comma","active","","2026-09-14"
"BF56","Dargo District, Burkina Faso","Dargo District","trusted","registry-rule:comma","active","","2026-09-14"
"BF58","Ministry of Environment, Green Economy and Climate Change, Burkina Faso","Ministère de l'Environnement, de l'Eau et de l'Assainissement","candidate","website","active","the site at this URL now carries a different ministry name - possibly a merge, needs a human","2026-09-14"
"BF58","Ministry of Environment, Green Economy and Climate Change, Burkina Faso","Ministry of Environment, Green Economy and Climate Change","trusted","registry-rule:comma","active","","2026-09-14"
"BF59","Friends of Nature Foundation","NATURAMA","trusted","website","active","site title and og:site_name: NATURAMA","2026-09-14"
"BF61","Environment Intervention Fund","FIE","trusted","website","active","site title: Accueil FIE","2026-09-14"
"BF66","Association de la Gestion des Ressources Naturelles et de la Faune de la Comoé-Leraba","AGEREF","trusted","registry-rule:acronym-split","active","","2026-09-14"
"BF66","Association de la Gestion des Ressources Naturelles et de la Faune de la Comoé-Leraba","AGEREF Comoé-Leraba","trusted","website","active","site title: AGEREF COMOE - LERABA","2026-09-14"
"BF67","Catholic Organisation for Development and Solidarity","OCADES Caritas Burkina","trusted","website","active","site title and og:site_name","2026-09-14"
"BF68","Plateforme d'Action a la Securisation des Menages Pastoraux","PASMEP","trusted","website","active","site title: PASMEP - Accueil","2026-09-14"
"BF69","Direction Generale de l'Assainissement, Burkina Faso","Direction Generale de l'Assainissement","trusted","registry-rule:comma","active","","2026-09-14"
"BF7","Ministry of Water and Sanitation, Burkina Faso","Ministry of Water and Sanitation","trusted","registry-rule:comma","active","","2026-09-14"
"BF70","National Land Observatory, Burkina Faso","National Land Observatory","trusted","registry-rule:comma","active","","2026-09-14"
"BF8","Ministry of Higher Education, Scientific Research and Innovation, Burkina Faso","Ministry of Higher Education, Scientific Research and Innovation","trusted","registry-rule:comma","active","","2026-09-14"
"BF84","General Directorate of Land and Organization, Burkina Faso","General Directorate of Land and Organization","trusted","registry-rule:comma","active","","2026-09-14"
"BF85","Regional Directorates of the Ministry of Agriculture, Burkina Faso","Regional Directorates of the Ministry of Agriculture","trusted","registry-rule:comma","active","","2026-09-14"
"BF87","Technical Secretariat for Apiculture, Ministry of Animal and Fisheries Resources, Burkina Faso","Technical Secretariat for Apiculture, Ministry of Animal and Fisheries Resources","trusted","registry-rule:comma","active","","2026-09-14"
"BF88","Direction Generale des Eaux et des Forets, Burkina Faso","Direction Generale des Eaux et des Forets","trusted","registry-rule:comma","active","","2026-09-14"
"BF89","National Council of Organic Agriculture, Burkina Faso","National Council of Organic Agriculture","trusted","registry-rule:comma","active","","2026-09-14"
"BF91","Ministry of Environment and Sustainable Development, Burkina Faso","Ministry of Environment and Sustainable Development","candidate","registry-rule:comma","active","","2026-09-14"
"BF92","The Wouol Association","Wouol Association","trusted","registry-rule:the","active","","2026-09-14"
"BF97","Ministry of Health, Burkina Faso","Ministry of Health","trusted","registry-rule:comma","active","","2026-09-14"
"BF98","Ministry of Education, Burkina Faso","Ministry of Education","trusted","registry-rule:comma","active","","2026-09-14"
"BF99","Comité Interprofessionel du Riz du Burkina Faso","CIR","trusted","registry-rule:acronym-split","active","","2026-09-14"
"CAN1","The International Development Research","CRDI","trusted","registry-rule:acronym-split","active","","2026-09-14"
"CAN1","The International Development Research","IDRC","trusted","registry-rule:acronym-split","active","","2026-09-14"
"CAN1","The International Development Research","International Development Research","trusted","registry-rule:the","active","","2026-09-14"
"CAN13","World University Service of Canada","EUMC","trusted","registry-rule:acronym-split","active","","2026-09-14"
"CAN13","World University Service of Canada","WUSC","trusted","registry-rule:acronym-split","active","","2026-09-14"
"CAN16","Ministry of International Relations and Francophonie, Canada","Ministry of International Relations and Francophonie","trusted","registry-rule:comma","active","","2026-09-14"
"CAN3","Union des Producteurs Agricoles - International Development","UPA","trusted","registry-rule:acronym-split","active","","2026-09-14"
"CAN8","Ministry of the Environment and the Fight Against Climate Change, Canada","Ministry of the Environment and the Fight Against Climate Change","trusted","registry-rule:comma","active","","2026-09-14"
"CG1","Ministry of Forest Economy, Congo","Ministry of Forest Economy","trusted","registry-rule:comma","active","","2026-09-14"
"CG2","Ministry of Agriculture, Fisheries and Livestock, Congo","Ministry of Agriculture, Fisheries and Livestock","trusted","registry-rule:comma","active","","2026-09-14"
"CHE11","Research Institute of Organic Agriculture, Switzerland","Research Institute of Organic Agriculture","trusted","registry-rule:comma","active","","2026-09-14"
"CHE37","City of Rapperswil, Switzerland","City of Rapperswil","trusted","registry-rule:comma","active","","2026-09-14"
"CHE8","State Secretariat for Economic Affairs, Switzerland","State Secretariat for Economic Affairs","trusted","registry-rule:comma","active","","2026-09-14"
"CIV1","Ministry of Salubrity, Environment and Sustainable Development, Ivory Coast","Ministry of Salubrity, Environment and Sustainable Development","trusted","registry-rule:comma","active","","2026-09-14"
"CIV16","Ministry of Animal and Fisheries Resources, Ivory Coast","Ministry of Animal and Fisheries Resources","trusted","registry-rule:comma","active","","2026-09-14"
"CIV27","Ministry of Water and Forests, Ivory Coast","Ministry of Water and Forests","trusted","registry-rule:comma","active","","2026-09-14"
"CIV3","Conseil du Coton et de l'Anarcade, Cote d'Ivoire","Conseil du Coton et de l'Anarcade","trusted","registry-rule:comma","active","","2026-09-14"
"CIV31","Ministry of Environment and Sustainable Development, Ivory Coast","Ministry of Environment and Sustainable Development","candidate","registry-rule:comma","active","","2026-09-14"
"CIV34","Ministry for Economic Cooperation and Development, Ivory Coast","Ministry for Economic Cooperation and Development","trusted","registry-rule:comma","active","","2026-09-14"
"CIV38","Ministry of Commerce and Industry, Ivory Coast","Ministry of Commerce and Industry","trusted","registry-rule:comma","active","","2026-09-14"
"CIV39","Ministry of Finance, Ivory Coast","Ministry of Finance","candidate","registry-rule:comma","active","","2026-09-14"
"CIV4","Ministry of Agriculture and Rural Development, Ivory Coast","Ministry of Agriculture and Rural Development","candidate","registry-rule:comma","active","","2026-09-14"
"CIV57","Mé Regional Council, Cote d'Ivoire","Mé Regional Council","trusted","registry-rule:comma","active","","2026-09-14"
"CIV63","Tchologo Regional Council, Cote d'Ivoire","Tchologo Regional Council","trusted","registry-rule:comma","active","","2026-09-14"
"CIV64","Ministry of Planning and Development, Ivory Coast","Ministry of Planning and Development","trusted","registry-rule:comma","active","","2026-09-14"
"CIV9","National Agency for Support to Rural Development, Ivory Coast","National Agency for Support to Rural Development","trusted","registry-rule:comma","active","","2026-09-14"
"CMR1","Institute of Agricultural Research for Development, Cameroon","Institute of Agricultural Research for Development","trusted","registry-rule:comma","active","","2026-09-14"
"CMR10","Cameroonian Confederation of Cotton Producers","CNPC","trusted","registry-rule:acronym-split","active","","2026-09-14"
"CMR11","Mission d'Etudes pour l'Aménagement et le Développement de la Région du Nord, Cameroon","Mission d'Etudes pour l'Aménagement et le Développement de la Région du Nord","trusted","registry-rule:comma","active","","2026-09-14"
"CMR12","National Observatory on Climate Change, Cameroon","National Observatory on Climate Change","trusted","registry-rule:comma","active","","2026-09-14"
"CMR23","Ministry of State Property, Surveys and Land Tenure, Cameroon","Ministry of State Property, Surveys and Land Tenure","trusted","registry-rule:comma","active","","2026-09-14"
"CMR26","Ministry of Environment, Protection of Nature and Sustainable Development, Cameroon","Ministry of Environment, Protection of Nature and Sustainable Development","trusted","registry-rule:comma","active","","2026-09-14"
"CMR3","Ministry of Water and Energy, Cameroon","Ministry of Water and Energy","trusted","registry-rule:comma","active","","2026-09-14"
"CMR4","Ministry of the Environment, Cameroon","Ministry of the Environment","trusted","registry-rule:comma","active","","2026-09-14"
"CMR5","Ministry of Agriculture and Rural Development, Cameroon","Ministry of Agriculture and Rural Development","candidate","registry-rule:comma","active","","2026-09-14"
"CMR6","Ministry of Fisheries and Animal Industries, Cameroon","Ministry of Fisheries and Animal Industries","trusted","registry-rule:comma","active","","2026-09-14"
"CMR7","Ministry of the Economy, Planning and Regional Development, Cameroon","Ministry of the Economy, Planning and Regional Development","trusted","registry-rule:comma","active","","2026-09-14"
"CMR8","Concertation Nationale des Organisations Paysannes","CAM","trusted","registry-rule:acronym-split","active","","2026-09-14"
"CMR9","Cotton Development Corporation, Cameroon","Cotton Development Corporation","trusted","registry-rule:comma","active","","2026-09-14"
"CON14","African Union Development Agency","AUDA","trusted","registry-rule:acronym-split","active","","2026-09-14"
"CON14","African Union Development Agency","NEPAD","trusted","registry-rule:acronym-split","active","","2026-09-14"
"CON15","The African Forum for Agricultural Advisory Services","African Forum for Agricultural Advisory Services","trusted","registry-rule:the","active","","2026-09-14"
"CON16","The African Agricultural Technology Foundation","African Agricultural Technology Foundation","trusted","registry-rule:the","active","","2026-09-14"
"CON20","The Adaptation of African Agriculture Initiative","Adaptation of African Agriculture Initiative","trusted","registry-rule:the","active","","2026-09-14"
"CON7","Ecologic Organic Agriculture Initiative in Africa","EOA","trusted","registry-rule:acronym-split","active","","2026-09-14"
"CZE2","Ministry of Foreign Affairs, Czech Republic","Ministry of Foreign Affairs","candidate","registry-rule:comma","active","","2026-09-14"
"DEU2","Ministry of Economic Cooperation and Development, Germany","Ministry of Economic Cooperation and Development","trusted","registry-rule:comma","active","","2026-09-14"
"DEU22","Ministry of Food and Agriculture, Germany","Ministry of Food and Agriculture","candidate","registry-rule:comma","active","","2026-09-14"
"DEU4","Federal Ministry for the Environment, Nature Conservation, Nuclear Safety, and Consumer Protection, Germany","Federal Ministry for the Environment, Nature Conservation, Nuclear Safety, and Consumer Protection","trusted","registry-rule:comma","active","","2026-09-14"
"DEU40","The Institute for Social-Ecological Research","Institute for Social-Ecological Research","trusted","registry-rule:the","active","","2026-09-14"
"DNK5","Ministry of Foreign Affairs, Denmark","Ministry of Foreign Affairs","candidate","registry-rule:comma","active","","2026-09-14"
"DZA3","Laboratory of Biomathematics, Biophysics, Biochemistry and Scientometry, Faculty of Life and Nature Sciences, University of Bejaia","Laboratory of Biomathematics, Biophysics, Biochemistry and Scientometry, Faculty of Life and Nature Sciences","trusted","registry-rule:comma","active","","2026-09-14"
"EGY1","Faculty of Agriculture, Cairo University","Faculty of Agriculture","trusted","registry-rule:comma","active","","2026-09-14"
"ES3","Mediterranean Agronomic Institute of Zaragoza","IAMZ","trusted","registry-rule:acronym-split","active","","2026-09-14"
"EU14","Joint Research Center Science Hub","JRC","trusted","registry-rule:acronym-split","active","","2026-09-14"
"FIN2","Natural Resources Institute, Finland","Natural Resources Institute","trusted","registry-rule:comma","active","","2026-09-14"
"FIN5","Ministry of Foreign Affairs, Finland","Ministry of Foreign Affairs","candidate","registry-rule:comma","active","","2026-09-14"
"FRA10","Montpellier Méditerranée Metropolis, France","Montpellier Méditerranée Metropolis","trusted","registry-rule:comma","active","","2026-09-14"
"FRA11","Agence de l'Eau Rhône Méditerranée Corse, France","Agence de l'Eau Rhône Méditerranée Corse","trusted","registry-rule:comma","active","","2026-09-14"
"FRA12","Departmental Council of l'Hérault, France","Departmental Council of l'Hérault","trusted","registry-rule:comma","active","","2026-09-14"
"FRA13","Guillaume Tavernier Water Fund at the Sustainable Initiatives for Water","FGTO","trusted","registry-rule:acronym-split","active","","2026-09-14"
"FRA13","Guillaume Tavernier Water Fund at the Sustainable Initiatives for Water","SIWA","trusted","registry-rule:acronym-split","active","","2026-09-14"
"FRA28","Ministry for Europe and Foreign Affairs, France","Ministry for Europe and Foreign Affairs","trusted","registry-rule:comma","active","","2026-09-14"
"FRA29","Ministry of Agriculture and Food Sovereignty, France","Ministry of Agriculture and Food Sovereignty","trusted","registry-rule:comma","active","","2026-09-14"
"FRA33","Ministry of Foreign Affairs and International Development, France","Ministry of Foreign Affairs and International Development","trusted","registry-rule:comma","active","","2026-09-14"
"FRA48","The Global Alliance for Resilience Initiative","Global Alliance for Resilience Initiative","trusted","registry-rule:the","active","","2026-09-14"
"FRA60","Institut Superieur d'Agriculture Rhones-Alpes - Lyon","ISARA","trusted","registry-rule:acronym-split","active","","2026-09-14"
"FRA62","Ministry of Ecological Transition, France","Ministry of Ecological Transition","trusted","registry-rule:comma","active","","2026-09-14"
"GHA1","Directorate of Crop Services, Ministry of Food and Agriculture, Ghana","Directorate of Crop Services, Ministry of Food and Agriculture","trusted","registry-rule:comma","active","","2026-09-14"
"GHA10","Wildlife Division, Forestry Commission of the Ministry of Lands and Natural Resources, Ghana","Wildlife Division, Forestry Commission of the Ministry of Lands and Natural Resources","trusted","registry-rule:comma","active","","2026-09-14"
"GHA12","Ministry of Finance, Ghana","Ministry of Finance","candidate","registry-rule:comma","active","","2026-09-14"
"GHA2","Plant Protection and Regulatory Services Directorate, Ministry of Food and Agriculture, Ghana","Plant Protection and Regulatory Services Directorate, Ministry of Food and Agriculture","trusted","registry-rule:comma","active","","2026-09-14"
"GHA28","Fishery Comission, Ghana","Fishery Comission","trusted","registry-rule:comma","active","","2026-09-14"
"GHA3","Directorate of Agricultural Extension Services, Ministry of Food and Agriculture, Ghana","Directorate of Agricultural Extension Services, Ministry of Food and Agriculture","trusted","registry-rule:comma","active","","2026-09-14"
"GHA30","Ministry of Food and Agriculture, Ghana","Ministry of Food and Agriculture","candidate","registry-rule:comma","active","","2026-09-14"
"GHA31","Ministry of Local Government and Rural Development, Ghana","Ministry of Local Government and Rural Development","trusted","registry-rule:comma","active","","2026-09-14"
"GHA4","Ministry of Food and Agriculture, Policy, Planning, Monitoring and Evaluation Directorate, Ghana","Ministry of Food and Agriculture, Policy, Planning, Monitoring and Evaluation Directorate","trusted","registry-rule:comma","active","","2026-09-14"
"GHA40","Worawora Town Council, Ghana","Worawora Town Council","trusted","registry-rule:comma","active","","2026-09-14"
"GHA42","Faculty of Renewable Natural Resources of Kwame Nkrumah University of Science and Technology","FRNR","trusted","registry-rule:acronym-split","active","","2026-09-14"
"GHA47","Tree Crops Development Authority, Ghana","Tree Crops Development Authority","trusted","registry-rule:comma","active","","2026-09-14"
"GHA49","Ministry of Land and Natural Resources, Ghana","Ministry of Land and Natural Resources","trusted","registry-rule:comma","active","","2026-09-14"
"GHA5","Environmental Protection Agency, Ghana","Environmental Protection Agency","trusted","registry-rule:comma","active","","2026-09-14"
"GHA54","Forestry Commission, Ghana","Forestry Commission","trusted","registry-rule:comma","active","","2026-09-14"
"GHA7","Ministry of Environment, Science, Technology and Innovation, Ghana","Ministry of Environment, Science, Technology and Innovation","trusted","registry-rule:comma","active","","2026-09-14"
"GHA77","The Development Insitute","Development Insitute","trusted","registry-rule:the","active","","2026-09-14"
"GHA8","Savannah Accelerated Development Authority, Ghana","Savannah Accelerated Development Authority","trusted","registry-rule:comma","active","","2026-09-14"
"GHA9","District Agriculture Developmental Units, Ministry of Food and Agriculture, Ghana","District Agriculture Developmental Units, Ministry of Food and Agriculture","trusted","registry-rule:comma","active","","2026-09-14"
"GLO47","Sustainable Agriculture Initiative Platform","SAI","trusted","registry-rule:acronym-split","active","","2026-09-14"
"GLO93","The Manoff Group","Manoff Group","trusted","registry-rule:the","active","","2026-09-14"
"GRC4","Hellenic Agricultural Organization","DEMETER","trusted","registry-rule:acronym-split","active","","2026-09-14"
"GRC4","Hellenic Agricultural Organization","HAO","trusted","registry-rule:acronym-split","active","","2026-09-14"
"ITA12","Catholic University of the Sacred Heart, Milan","Catholic University of the Sacred Heart","trusted","registry-rule:comma","active","","2026-09-14"
"ITA15","Marche Polytechnic University, Ancona","Marche Polytechnic University","trusted","registry-rule:comma","active","","2026-09-14"
"ITA6","Institute of Bioscience and Bioresources","IBBR","trusted","registry-rule:acronym-split","active","","2026-09-14"
"JPN3","Ministry of Finance, Japan","Ministry of Finance","candidate","registry-rule:comma","active","","2026-09-14"
"KEN2","Ministry of Agriculture and Livestock Development, Kenya","Ministry of Agriculture and Livestock Development","trusted","registry-rule:comma","active","","2026-09-14"
"LSO11","Bureau of Statistics, Lesotho","Bureau of Statistics","trusted","registry-rule:comma","active","","2026-09-14"
"LSO2","Ministry of Agriculture and Food Security, Lesotho","Ministry of Agriculture and Food Security","trusted","registry-rule:comma","active","","2026-09-14"
"LSO5","Ministry of Energy and Meteorology, Lesotho","Ministry of Energy and Meteorology","trusted","registry-rule:comma","active","","2026-09-14"
"LSO7","Ministry of Water, Lesotho","Ministry of Water","trusted","registry-rule:comma","active","","2026-09-14"
"LSO8","Ministry of Tourism, Environment and Culture, Lesotho","Ministry of Tourism, Environment and Culture","trusted","registry-rule:comma","active","","2026-09-14"
"LSO9","Ministry of Forestry, Range and Soil Conservation, Lesotho","Ministry of Forestry, Range and Soil Conservation","trusted","registry-rule:comma","active","","2026-09-14"
"LUX2","Ministry of the Environment, Climate and Sustainable Development, Luxembourg","Ministry of the Environment, Climate and Sustainable Development","trusted","registry-rule:comma","active","","2026-09-14"
"MALI12","Regional Animal Health Center, Mali","Regional Animal Health Center","trusted","registry-rule:comma","active","","2026-09-14"
"MALI15","Rural Polytechnic Institute of Training and Applied Research of Katibougou","IFRA","candidate","registry-rule:acronym-split","active","","2026-09-14"
"MALI15","Rural Polytechnic Institute of Training and Applied Research of Katibougou","IPR","candidate","registry-rule:acronym-split","active","","2026-09-14"
"MALI19","Agency for Environment and Sustainable Development, Ministry of Environment and Sanitation, Mali","Agency for Environment and Sustainable Development, Ministry of Environment and Sanitation","trusted","registry-rule:comma","active","","2026-09-14"
"MALI20","National Meteorological Agency, Mali","METEO","trusted","registry-rule:acronym-split","active","","2026-09-14"
"MALI20","National Meteorological Agency, Mali","National Meteorological Agency","candidate","registry-rule:comma","active","","2026-09-14"
"MALI21","Ministry of Rural Development, Mali","Ministry of Rural Development","trusted","registry-rule:comma","active","","2026-09-14"
"MALI22","Ministry of Security and Civil Protection, Mali","Ministry of Security and Civil Protection","trusted","registry-rule:comma","active","","2026-09-14"
"MALI24","Ministry of Agriculture, Mali","Ministry of Agriculture","candidate","registry-rule:comma","active","","2026-09-14"
"MALI25","Ministry of Environment and Sanitation, Mali","Ministry of Environment and Sanitation","trusted","registry-rule:comma","active","","2026-09-14"
"MALI29","Secretariat of Malian NGOs","ONG","trusted","registry-rule:acronym-split","active","","2026-09-14"
"MALI3","Regional Development Agency of Segou, Mali","Regional Development Agency of Segou","trusted","registry-rule:comma","active","","2026-09-14"
"MALI4","Regional Development Agency of Mopti, Mali","Regional Development Agency of Mopti","trusted","registry-rule:comma","active","","2026-09-14"
"MALI40","Agence des Energie Renouvelables du Mali","AER","trusted","registry-rule:acronym-split","active","","2026-09-14"
"MALI50","Ministry of Economy and Finance, Mali","Ministry of Economy and Finance","candidate","registry-rule:comma","active","","2026-09-14"
"MALI54","Regional Directorates of Agriculture, Mali","Regional Directorates of Agriculture","trusted","registry-rule:comma","active","","2026-09-14"
"MALI55","Regional Directorate of the Promotion of Women, Children and Family, Mali","Regional Directorate of the Promotion of Women, Children and Family","trusted","registry-rule:comma","active","","2026-09-14"
"MALI56","Regional Directorate of Social Development, Mali","Regional Directorate of Social Development","trusted","registry-rule:comma","active","","2026-09-14"
"MALI57","Regional Chambers of Agriculture, Mali","Regional Chambers of Agriculture","trusted","registry-rule:comma","active","","2026-09-14"
"MALI59","Rural Polytechnic Institute of Katibougou","IFRA","candidate","registry-rule:acronym-split","active","","2026-09-14"
"MALI59","Rural Polytechnic Institute of Katibougou","IPR","candidate","registry-rule:acronym-split","active","","2026-09-14"
"MALI60","National Platform of Rice Farmers in Mali","PNPR","trusted","registry-rule:acronym-split","active","","2026-09-14"
"MALI61","Interprofession de la Filliere du Riz au Mali","IFRIZ","trusted","registry-rule:acronym-split","active","","2026-09-14"
"MALI66","Union Locale des Producteurs de Karité de Sanankoroba - Yirwasso","ULPKS","trusted","registry-rule:acronym-split","active","","2026-09-14"
"MALI67","Union Locale des Producteurs de Karité de Dioila","ULPK","trusted","registry-rule:acronym-split","active","","2026-09-14"
"MALI7","Association of Professional Farmer Organisations, Mali","Association of Professional Farmer Organisations","trusted","registry-rule:comma","active","","2026-09-14"
"MALI72","Regional Council of Mopti, Mali","Regional Council of Mopti","trusted","registry-rule:comma","active","","2026-09-14"
"MALI73","Regional Council of Tombouctou, Mali","Regional Council of Tombouctou","trusted","registry-rule:comma","active","","2026-09-14"
"MALI74","Regional Council of Gao, Mali","Regional Council of Gao","trusted","registry-rule:comma","active","","2026-09-14"
"MALI76","Support Committee of Regional Initiatives","CAB","trusted","registry-rule:acronym-split","active","","2026-09-14"
"MOR1","Etablissement de Coopération Intercommunal de la Vallée de l'Arghen, Morocco","Etablissement de Coopération Intercommunal de la Vallée de l'Arghen","trusted","registry-rule:comma","active","","2026-09-14"
"MOR17","Mohamed V University, Rabat","FLSH","trusted","registry-rule:acronym-split","active","","2026-09-14"
"MOR17","Mohamed V University, Rabat","Mohamed V University","trusted","registry-rule:comma","active","","2026-09-14"
"MOR17","Mohamed V University, Rabat","UM5","trusted","registry-rule:acronym-split","active","","2026-09-14"
"MOR21","Agency for Agricultural Development, Morocco","Agency for Agricultural Development","trusted","registry-rule:comma","active","","2026-09-14"
"MOR22","Office Regional de Mise en Valeur Agricole, Morocco","Office Regional de Mise en Valeur Agricole","trusted","registry-rule:comma","active","","2026-09-14"
"MOR23","Regional Observatories on Environment and Sustainable Development, Morocco","Regional Observatories on Environment and Sustainable Development","trusted","registry-rule:comma","active","","2026-09-14"
"MOR25","Agence du Bassin Hydraulique, Morocco","Agence du Bassin Hydraulique","trusted","registry-rule:comma","active","","2026-09-14"
"MOR26","High Commissioner for Water and Forests and the Fight against Desertification, Morocco","High Commissioner for Water and Forests and the Fight against Desertification","trusted","registry-rule:comma","active","","2026-09-14"
"MOR27","Directorate of Irrigation, Morocco","Directorate of Irrigation","trusted","registry-rule:comma","active","","2026-09-14"
"MOR3","Direction Provinciale de l'Equipement, Transports, Logistiques et Eau, Morocco","Direction Provinciale de l'Equipement, Transports, Logistiques et Eau","trusted","registry-rule:comma","active","","2026-09-14"
"MOR31","Ministry of Agriculture, Equipment, and Environment, Morocco","Ministry of Agriculture, Equipment, and Environment","trusted","registry-rule:comma","active","","2026-09-14"
"MOR32","Ministry of Agriculture, Maritime Fisheries, Rural Development and Water and Forests, Morocco","Ministry of Agriculture, Maritime Fisheries, Rural Development and Water and Forests","trusted","registry-rule:comma","active","","2026-09-14"
"MOR34","Office Regional de la Mise en Valeur Agricole du Taflalet, Morocco","Office Regional de la Mise en Valeur Agricole du Taflalet","trusted","registry-rule:comma","active","","2026-09-14"
"MOR4","Agence de Bassin Hydraulique du Souss Massa, Maroc","Agence de Bassin Hydraulique du Souss Massa","trusted","registry-rule:comma","active","","2026-09-14"
"MOR40","Ministry of Economy and Finance, Morocco","Ministry of Economy and Finance","candidate","registry-rule:comma","active","","2026-09-14"
"MOR41","Provincial Directorate of Agriculture, Morocco","Provincial Directorate of Agriculture","trusted","registry-rule:comma","active","","2026-09-14"
"MOR42","Directorate of Rural Space Development and Mountain Areas, Morocco","Directorate of Rural Space Development and Mountain Areas","trusted","registry-rule:comma","active","","2026-09-14"
"MOR43","Regional Directorate of Agriculture, Morocco","Regional Directorate of Agriculture","trusted","registry-rule:comma","active","","2026-09-14"
"MOR45","National Agricultural Advisory Office, Morocco","National Agricultural Advisory Office","trusted","registry-rule:comma","active","","2026-09-14"
"MOR51","Ministry of Higher Education, Scientific Research and Professional Training, Morocco","Ministry of Higher Education, Scientific Research and Professional Training","trusted","registry-rule:comma","active","","2026-09-14"
"MOR52","National Meteorological Department, Morocco","National Meteorological Department","trusted","registry-rule:comma","active","","2026-09-14"
"MOR53","Directorate of Strategy and Statistics, Morocco","Directorate of Strategy and Statistics","trusted","registry-rule:comma","active","","2026-09-14"
"MOR7","Regional Council of Souss Massa, Morocco","Regional Council of Souss Massa","trusted","registry-rule:comma","active","","2026-09-14"
"MOR8","National Agency of Water and Forests, Morocco","National Agency of Water and Forests","trusted","registry-rule:comma","active","","2026-09-14"
"NLD10","The Royal Tropical Institute","Royal Tropical Institute","trusted","registry-rule:the","active","","2026-09-14"
"NLD12","The Turing Foundation","Turing Foundation","trusted","registry-rule:the","active","","2026-09-14"
"NLD18","The Sustainable Trade Initiative","Sustainable Trade Initiative","trusted","registry-rule:the","active","","2026-09-14"
"NLD20","Science for Global Development","NWO","trusted","registry-rule:acronym-split","active","","2026-09-14"
"NLD20","Science for Global Development","WOTRO","trusted","registry-rule:acronym-split","active","","2026-09-14"
"NLD24","The Salt Doctors","Salt Doctors","trusted","registry-rule:the","active","","2026-09-14"
"NLD26","Ministry of Infrastructure and Water Management, Netherlands","Ministry of Infrastructure and Water Management","trusted","registry-rule:comma","active","","2026-09-14"
"NLD3","Ministry of Foreign Affairs, Netherlands","Ministry of Foreign Affairs","candidate","registry-rule:comma","active","","2026-09-14"
"PAL1","The Volcani Center, zionist-occupied Palestine","The Volcani Center","trusted","registry-rule:comma","active","","2026-09-14"
"PAL1","The Volcani Center, zionist-occupied Palestine","Volcani Center, zionist-occupied Palestine","trusted","registry-rule:the","active","","2026-09-14"
"PAL2","Palestinian-Jewish Center for Empowerment, Equality, and Cooperation – Negev Institute for Strategies of Peace and Economic Development, zionist-occupied Palestine","AJEEC","trusted","registry-rule:acronym-split","active","","2026-09-14"
"PAL2","Palestinian-Jewish Center for Empowerment, Equality, and Cooperation – Negev Institute for Strategies of Peace and Economic Development, zionist-occupied Palestine","NISPED","trusted","registry-rule:acronym-split","active","","2026-09-14"
"PAL2","Palestinian-Jewish Center for Empowerment, Equality, and Cooperation – Negev Institute for Strategies of Peace and Economic Development, zionist-occupied Palestine","Palestinian-Jewish Center for Empowerment, Equality, and Cooperation – Negev Institute for Strategies of Peace and Economic Development","trusted","registry-rule:comma","active","","2026-09-14"
"PRT2","Higher Institute of Agronomy, University of Lisbon","Higher Institute of Agronomy","trusted","registry-rule:comma","active","","2026-09-14"
"REG12","The Internation Union for Conservation of Nature's Center for Mediterranean Cooperation","Internation Union for Conservation of Nature's Center for Mediterranean Cooperation","trusted","registry-rule:the","active","","2026-09-14"
"REG2","The Common Market for Eastern and Southern Africa","Common Market for Eastern and Southern Africa","trusted","registry-rule:the","active","","2026-09-14"
"REG32","The African Institute of Mathematical Sciences","African Institute of Mathematical Sciences","trusted","registry-rule:the","active","","2026-09-14"
"REG32","The African Institute of Mathematical Sciences","AIMS","trusted","registry-rule:acronym-split","active","","2026-09-14"
"REG32","The African Institute of Mathematical Sciences","NEI","trusted","registry-rule:acronym-split","active","","2026-09-14"
"SEN4","National Agricultural Insurance Company, Senegal","National Agricultural Insurance Company","trusted","registry-rule:comma","active","","2026-09-14"
"SEN5","National School of Agriculture, Senegal","National School of Agriculture","trusted","registry-rule:comma","active","","2026-09-14"
"SWZ1","Ministry of Agriculture, Swaziland","Ministry of Agriculture","candidate","registry-rule:comma","active","","2026-09-14"
"TGO1","Ministry of Agriculture, Livestock, and Hydraulics, Togo","Ministry of Agriculture, Livestock, and Hydraulics","trusted","registry-rule:comma","active","","2026-09-14"
"UK37","The Rufford Foundation","Rufford Foundation","trusted","registry-rule:the","active","","2026-09-14"
"ZA1","The Institute for Wine Biotechnology, Stellenbosch University","Institute for Wine Biotechnology, Stellenbosch University","trusted","registry-rule:the","active","","2026-09-14"
"ZA1","The Institute for Wine Biotechnology, Stellenbosch University","The Institute for Wine Biotechnology","trusted","registry-rule:comma","active","","2026-09-14"
"ZAM1","Ministry of Fisheries and Livestock, Zambia","Ministry of Fisheries and Livestock","trusted","registry-rule:comma","active","","2026-09-14"
"ZAM10","District Agriculture Coordinator Office, Zambia","District Agriculture Coordinator Office","trusted","registry-rule:comma","active","","2026-09-14"
"ZAM20","Ministry of Agriculture, Zambia","Ministry of Agriculture","candidate","registry-rule:comma","active","","2026-09-14"
"ZAM25","Forestry Department, Zambia","Forestry Department","trusted","registry-rule:comma","active","","2026-09-14"
"ZAM27","Ministry of Fisheries and Livestock, Department of Livestock Development, Zambia","Ministry of Fisheries and Livestock, Department of Livestock Development","trusted","registry-rule:comma","active","","2026-09-14"
"ZAM33","Department of Water Affairs, Zambia","Department of Water Affairs","trusted","registry-rule:comma","active","","2026-09-14"
"ZAM44","National Remote Sensing Center, Zambia","National Remote Sensing Center","trusted","registry-rule:comma","active","","2026-09-14"
"ZAM5","Ministry of Agriculture and Livestock, Zambia","Ministry of Agriculture and Livestock","trusted","registry-rule:comma","active","","2026-09-14"
"ZAM50","National Food and Nutrition Commission, Zambia","National Food and Nutrition Commission","trusted","registry-rule:comma","active","","2026-09-14"
"ZAM55","Ministry of Green Economy and Environment, Zambia","Ministry of Green Economy and Environment","trusted","registry-rule:comma","active","","2026-09-14"
"ZIM13","Ministry of Tourism, Environment and Hospitality, Zimbabwe","Ministry of Tourism, Environment and Hospitality","trusted","registry-rule:comma","active","","2026-09-14"
"ZIM16","Chibuwe Irrigation Management Committee, Zimbabwe","Chibuwe Irrigation Management Committee","trusted","registry-rule:comma","active","","2026-09-14"
"ZIM17","Dewure Irrigation Management Committee, Zimbabwe","Dewure Irrigation Management Committee","trusted","registry-rule:comma","active","","2026-09-14"
"ZIM18","Seke Irrigation Management Committee, Zimbabwe","Seke Irrigation Management Committee","trusted","registry-rule:comma","active","","2026-09-14"
"ZIM19","The Organization of Rural Associations for Progress","Organization of Rural Associations for Progress","trusted","registry-rule:the","active","","2026-09-14"
"ZIM3","Ministry of Lands, Agriculture, Water and Rural Resettlement, Zimbabwe","Ministry of Lands, Agriculture, Water and Rural Resettlement","trusted","registry-rule:comma","active","","2026-09-14"
"ZIM4","Ministry of Environment and Natural Resources Management, Zimbabwe","Ministry of Environment and Natural Resources Management","trusted","registry-rule:comma","active","","2026-09-14"
"ZIM5","Meteorological Services Department, Zimbabwe","Meteorological Services Department","trusted","registry-rule:comma","active","","2026-09-14"
"ZIM6","Department of Civil Protection, Zimbabwe","Department of Civil Protection","trusted","registry-rule:comma","active","","2026-09-14"
"ZIM7","Ministry of Public Service, Labour and Social Welfare, Zimbabwe","Ministry of Public Service, Labour and Social Welfare","trusted","registry-rule:comma","active","","2026-09-14"
"ZIM8","Department of Agricultural, Technical and Extension Services, Zimbabwe","Department of Agricultural, Technical and Extension Services","trusted","registry-rule:comma","active","","2026-09-14"
