"row_id","project_code","project_lead","location","location_names","location_countries","subsector_type","subsector_stated","intervention_stated","rationale_stated","target_beneficiary","result_stated","result_value","result_metric","result_unit","result_level","evidence_stated","evidence_depth"
"1","P001","CON14","P001.12","Burundi","Burundi","land use","The project specifically targets ""Sustainable Land and Water Management (SLWM)"" to strengthen capacity at the NEPAD Agency to support TerrAfrica member countries on knowledge management and actions for scaling up these practices.","Restoration Opportunities Assessment Methodologies (ROAM) workshops were conducted only in Uganda in addition to CSIF workshops.","ROAM (Restoration Opportunities Assessment Methodologies) workshops were conducted in Uganda to address climate-induced land degradation risks, with training enabling cascade of knowledge to ground-level officers for implementing Sustainable Land and Water Management (SLWM) practices that enhance climate resilience and mitigate risks from increasing rainfall instability and soil/nutrient loss affecting agricultural productivity.","farmer group","In Uganda, the training was reported to have been used by those who had attended to train middle-level officers, who had in turn trained zone-level community-based officers, thereby cascading the benefits of the workshop down to ground level","","","","outcome","Feedback from interviews with the SLWM coordinators in Lesotho, Uganda and Ghana indicated that the ROAM...and CSIF workshops were found to be very useful.","2"
"2","P001","CON14","P001.2","Madagascar","Madagascar","land use","The project specifically targets ""Sustainable Land and Water Management (SLWM)"" to strengthen capacity at the NEPAD Agency to support TerrAfrica member countries on knowledge management and actions for scaling up these practices.","Madagascar received support for Country Strategic Investment Framework (CSIF) development as one of 15 countries supported in their SLWM CSIF development, implementation, or update.","Madagascar's CSIF development addresses climate-induced land degradation risks through sustainable land and water management practices to enhance agricultural resilience.","farmer group","Experts were deployed to support the development and implementation of Madagascar's SLWM Country Strategic Investment Framework (CSIF).","","","","outcome","The results are backed by PDO indicators that measured achievements against baseline targets.","2"
"3","P001","CON14","P001.3","Gambia","Gambia","land use","The project specifically targets ""Sustainable Land and Water Management (SLWM)"" to strengthen capacity at the NEPAD Agency to support TerrAfrica member countries on knowledge management and actions for scaling up these practices.","The Gambia received CSIF validation workshop and SLWM platform launch support.","The Gambia's CSIF validation workshop addresses climate-induced land degradation risks through sustainable land and water management practices to enhance agricultural resilience.","farmer group","Experts were deployed to support CSIF development, and a validation workshop was conducted for The Gambia.","","","","outcome","The results are backed by PDO indicators that measured achievements against baseline targets.","2"
"4","P001","CON14","P001.4","Kenya","Kenya","land use","The project specifically targets ""Sustainable Land and Water Management (SLWM)"" to strengthen capacity at the NEPAD Agency to support TerrAfrica member countries on knowledge management and actions for scaling up these practices.","Kenya's CSIF was launched and a ROAM workshop was held in partnership with IUCN.","Kenya's CSIF launch and ROAM workshop address climate-induced land degradation risks through sustainable land and water management practices to enhance agricultural resilience.","farmer group","Kenya's CSIF was launched, experts were deployed, and 11 donor dialogue workshops were supported, including 6 learning modules on SLWM topics.","","","","outcome","The results are backed by PDO indicators that measured achievements against baseline targets.","2"
"5","P001","CON14","P001.5","Niger","Niger","land use","The project specifically targets ""Sustainable Land and Water Management (SLWM)"" to strengthen capacity at the NEPAD Agency to support TerrAfrica member countries on knowledge management and actions for scaling up these practices.","Niger received CSIF validation support and a ROAM workshop was held in partnership with IUCN.","Niger's CSIF validation and ROAM workshop address climate-induced land degradation risks through sustainable land and water management practices to enhance agricultural resilience.","farmer group","Experts were deployed for CSIF development, and SLWM workshops were held, including 6 learning modules on erosion, land degradation, and agroforestry.","","","","outcome","The results are backed by PDO indicators that measured achievements against baseline targets.","2"
"6","P001","CON14","P001.6","Senegal","Senegal","land use","The project specifically targets ""Sustainable Land and Water Management (SLWM)"" to strengthen capacity at the NEPAD Agency to support TerrAfrica member countries on knowledge management and actions for scaling up these practices.","Senegal received support for CSIF development and a Financing SLWM in Africa workshop was held in Dakar.","Senegal's CSIF development and SLWM financing workshop address climate-induced land degradation risks through sustainable land and water management practices to enhance agricultural resilience.","farmer group","Experts were deployed to support the development and implementation of Senegal's SLWM Country Strategic Investment Framework (CSIF).","","","","outcome","The results are backed by PDO indicators that measured achievements against baseline targets.","2"
"7","P001","CON14","P001.7","Democratic Republic of the Congo","Democratic Republic of the Congo","land use","The project specifically targets ""Sustainable Land and Water Management (SLWM)"" to strengthen capacity at the NEPAD Agency to support TerrAfrica member countries on knowledge management and actions for scaling up these practices.","DRC received CSIF platform launch and validation workshop support.","DRC's CSIF platform launch and validation workshop address climate-induced land degradation risks through sustainable land and water management practices to enhance agricultural resilience.","farmer group","Experts were deployed for CSIF development, and SLWM workshops were conducted, including 6 learning modules on erosion, land degradation, and agroforestry.","","","","outcome","The results are backed by PDO indicators that measured achievements against baseline targets.","2"
"8","P001","CON14","P001.8","Nigeria","Nigeria","land use","The project specifically targets ""Sustainable Land and Water Management (SLWM)"" to strengthen capacity at the NEPAD Agency to support TerrAfrica member countries on knowledge management and actions for scaling up these practices.","Nigeria received support for CSIF development as one of 15 countries supported.","Nigeria's CSIF development addresses climate-induced land degradation risks through sustainable land and water management practices to enhance agricultural resilience.","farmer group","Nigeria received targeted support for the development, implementation, and update of its SLWM Country Strategic Investment Framework (CSIF).","","","","outcome","The results are backed by PDO indicators that measured achievements against baseline targets.","2"
"9","P001","CON14","P001.9","Malawi","Malawi","land use","The project specifically targets ""Sustainable Land and Water Management (SLWM)"" to strengthen capacity at the NEPAD Agency to support TerrAfrica member countries on knowledge management and actions for scaling up these practices.","Malawi received ROAM workshop support in partnership with IUCN and was visited for joint fact-finding missions.","Malawi's ROAM workshop and joint fact-finding mission address climate-induced land degradation risks through sustainable land and water management practices to enhance agricultural resilience.","farmer group","Five week-long ROAM workshops were held with IUCN, SLWM workshops with 6 learning modules were conducted, and CSIF support was provided.","","","","outcome","The results are backed by PDO indicators that measured achievements against baseline targets.","2"
"10","P001","CON14","P001.10","Togo","Togo","land use","The project specifically targets ""Sustainable Land and Water Management (SLWM)"" to strengthen capacity at the NEPAD Agency to support TerrAfrica member countries on knowledge management and actions for scaling up these practices.","Togo received CSIF platform launch and validation workshop support.","Togo's CSIF platform launch and validation workshop address climate-induced land degradation risks through sustainable land and water management practices to enhance agricultural resilience.","farmer group","Experts were deployed for CSIF development, and the country received targeted support including a platform launch and validation.","","","","outcome","The results are backed by PDO indicators that measured achievements against baseline targets.","2"
"11","P001","CON14","P001.11","South Africa","South Africa","land use","The project specifically targets ""Sustainable Land and Water Management (SLWM)"" to strengthen capacity at the NEPAD Agency to support TerrAfrica member countries on knowledge management and actions for scaling up these practices.","South Africa's received CSIF platform launch support.","South Africa's CSIF development addresses climate-induced land degradation risks through sustainable land and water management practices to enhance agricultural resilience.","farmer group","17 experts were deployed for CSIF development, including in South Africa.","","","","outcome","The results are backed by PDO indicators that measured achievements against baseline targets.","2"
"12","P001","CON14","P001.12","Burundi","Burundi","land use","The project specifically targets ""Sustainable Land and Water Management (SLWM)"" to strengthen capacity at the NEPAD Agency to support TerrAfrica member countries on knowledge management and actions for scaling up these practices.","Burundi was visited for joint fact-finding and planning missions in 2015.","Burundi's joint fact-finding mission addresses climate-induced land degradation risks through sustainable land and water management practices to enhance agricultural resilience.","farmer group","A joint fact-finding and planning mission was conducted in Burundi in 2015 and SLWM-specific workshops and training modules were conducted.","","","","outcome","The results are backed by PDO indicators that measured achievements against baseline targets.","2"
"13","P001","CON14","P001.13","Comoros","Comoros","land use","The project specifically targets ""Sustainable Land and Water Management (SLWM)"" to strengthen capacity at the NEPAD Agency to support TerrAfrica member countries on knowledge management and actions for scaling up these practices.","Comoros received SLWM platform launch support.","Comoros's SLWM platform launch addresses climate-induced land degradation risks through sustainable land and water management practices to enhance agricultural resilience.","farmer group","Comoros's SLWM platform was launched.","","","","outcome","The results are backed by PDO indicators that measured achievements against baseline targets.","2"
"14","P001","CON14","P001.14","Benin","Benin","land use","The project specifically targets ""Sustainable Land and Water Management (SLWM)"" to strengthen capacity at the NEPAD Agency to support TerrAfrica member countries on knowledge management and actions for scaling up these practices.","Benin was visited for joint fact-finding and planning missions in 2018.","Benin's joint fact-finding mission addresses climate-induced land degradation risks through sustainable land and water management practices to enhance agricultural resilience.","farmer group","A joint fact-finding and planning mission was conducted in Benin in 2018 and SLWM-specific workshops and training modules were conducted.","","","","outcome","The results are backed by PDO indicators that measured achievements against baseline targets.","2"
"15","P001","CON14","P001.15","Sudan","Sudan","land use","The project specifically targets ""Sustainable Land and Water Management (SLWM)"" to strengthen capacity at the NEPAD Agency to support TerrAfrica member countries on knowledge management and actions for scaling up these practices.","Sudan was visited for joint fact-finding and planning missions in 2018.","Sudan's joint fact-finding mission addresses climate-induced land degradation risks through sustainable land and water management practices to enhance agricultural resilience.","farmer group","A joint fact-finding mission was successfully conducted and a Building Resilience through Innovation Communication and Knowledge Services (BRICKS) communications workshop was implemented in 2017.","","","","outcome","The results are backed by PDO indicators that measured achievements against baseline targets.","2"
"16","P001","CON14","G015.1","Burkina Faso","Burkina Faso","land use","The project specifically targets ""Sustainable Land and Water Management (SLWM)"" to strengthen capacity at the NEPAD Agency to support TerrAfrica member countries on knowledge management and actions for scaling up these practices.","Burkina Faso received CSIF support and a documentary on SLM best practices was produced.","Burkina Faso's CSIF support and SLM documentary address climate-induced land degradation risks through sustainable land and water management practices to enhance agricultural resilience.","farmer group","CSIF support was provided and one documentary on SLM best practices was produced for Burkina Faso, including 4 learning videos on frequently asked SLWM questions (FAQs), lessons and recommendations on SLWM, erosion and best SLWM practices.","","","","outcome","The results are backed by PDO indicators that measured achievements against baseline targets.","2"
"17","P001","CON14","G021.1","Lesotho","Lesotho","land use","The project specifically targets ""Sustainable Land and Water Management (SLWM)"" to strengthen capacity at the NEPAD Agency to support TerrAfrica member countries on knowledge management and actions for scaling up these practices.","Lesotho received CSIF validation workshop support.","Lesotho's CSIF validation workshop addresses climate-induced land degradation risks through sustainable land and water management practices to enhance agricultural resilience.","farmer group","CSIF validation workshop was successfully implemented and workshops were found to be very useful by country coordinators.","","","","outcome","Feedback from interviews with the SLWM coordinators in Lesotho, Uganda and Ghana indicated that the ROAM...and CSIF workshops were found to be very useful.","2"
"18","P001","CON14","G038.1","Congo","Republic of the Congo","land use","The project specifically targets ""Sustainable Land and Water Management (SLWM)"" to strengthen capacity at the NEPAD Agency to support TerrAfrica member countries on knowledge management and actions for scaling up these practices.","Republic of Congo (Brazzaville) was visited for SLWM-specific workshops and support activities.","Republic of Congo's country visit addresses climate-induced land degradation risks through sustainable land and water management practices to enhance agricultural resilience.","farmer group","Support activities conducted in Republic of Congo (Brazzaville), including SLWM-specific workshops and learning modules and on SLWM investment planning.","","","","outcome","The results are backed by PDO indicators that measured achievements against baseline targets.","2"
"19","P001","CON14","G015.2","Ghana","Ghana","land use","The project specifically targets ""Sustainable Land and Water Management (SLWM)"" to strengthen capacity at the NEPAD Agency to support TerrAfrica member countries on knowledge management and actions for scaling up these practices.","Ghana received CSIF support and a study on the use of bamboo for land management was conducted.","Ghana's CSIF support and bamboo study address climate-induced land degradation risks through sustainable land and water management practices to enhance agricultural resilience.","farmer group","CSIF support was provided, workshops were found to be very useful by country coordinators, and the study on the use of bamboo for restoration was successfully conducted.","","","","outcome","Feedback from interviews with the SLWM coordinators in Lesotho, Uganda and Ghana indicated that the ROAM...and CSIF workshops were found to be very useful.","2"
"20","P001","CON14","G034.1","Zimbabwe","Zimbabwe","land use","The project specifically targets ""Sustainable Land and Water Management (SLWM)"" to strengthen capacity at the NEPAD Agency to support TerrAfrica member countries on knowledge management and actions for scaling up these practices.","Zimbabwe was visited for joint fact-finding and planning missions in 2018 and for country support activities.","Zimbabwe's joint fact-finding mission addresses climate-induced land degradation risks through sustainable land and water management practices to enhance agricultural resilience.","farmer group","A joint fact-finding and planning mission was successfully conducted in Zimbabwe in 2018 and SLWM-specific workshops and training modules were conducted.","","","","outcome","The results are backed by PDO indicators that measured achievements against baseline targets.","2"
"21","P001","CON14","L004.1","Côte d’Ivoire","Côte d’Ivoire","land use","The project specifically targets ""Sustainable Land and Water Management (SLWM)"" to strengthen capacity at the NEPAD Agency to support TerrAfrica member countries on knowledge management and actions for scaling up these practices.","Côte d'Ivoire received CSIF support, a ROAM workshop was held in partnership with IUCN, and a joint fact-finding mission was conducted in 2015.","Côte d'Ivoire's CSIF support and ROAM workshop address climate-induced land degradation risks through sustainable land and water management practices to enhance agricultural resilience.","farmer group","CSIF support was provided on topics like SLWM investment planning, one ROAM workshop was held, and a joint fact-finding and planning mission was conducted in 2015.","","","","outcome","The results are backed by PDO indicators that measured achievements against baseline targets.","2"
"22","P001","CON14","L001.1","Mali","Mali","land use","The project specifically targets ""Sustainable Land and Water Management (SLWM)"" to strengthen capacity at the NEPAD Agency to support TerrAfrica member countries on knowledge management and actions for scaling up these practices.","Mali received support for CSIF development as one of 15 countries supported.","Mali's CSIF development addresses climate-induced land degradation risks through sustainable land and water management practices to enhance agricultural resilience.","farmer group","CSIF development support was provided to Mali as one of 15 countries supported.","","","","outcome","The results are backed by PDO indicators that measured achievements against baseline targets.","2"
"23","P002","GLO17","G015.1","Burkina Faso","Burkina Faso","farming system-mixed","The project targets irrigation infrastructure improvements in Burkina Faso.","Infrastructure improvements, notably for irrigation, were implemented in Burkina Faso.","Water scarcity and drought is leading to heightened concerns about resilience of smallholder farming systems and household food security.","smallholder farmer","RFS generally achieved or exceeded targets, with increased agricultural productivity as the most frequently reported outcome observed in 70 percent of projects, though it fell short on land restored (350 thousand ha only representing 77 percent of target).","","","","outcome","The results are generally backed by program aggregates.","2"
"24","P002","GLO15","P001.12","Burundi","Burundi","farming system-mixed","The project targets participtory extension models for knowledge diffusion and value chain support in Burundi.","The program also effectively supported value chains in Burundi.","The intervention addresses land and soil degradation, deforestation, and biodiversity loss.","smallholder farmer","Increased household income were commonly reported results.","","","","outcome","The results are generally backed by program aggregates.","2"
"25","P002","GLO17","P002.1","Eswatini","Eswatini","farming system-mixed","The project targets value chain support in Eswatini.","The program effectively supported value chains in Eswatini.","Climate variability threatens the resilience of smallholder farming systems.","smallholder farmer","Increased household income were commonly reported results.","","","","outcome","The results are generally backed by program aggregates.","2"
"26","P002","GLO27","P002.2","Ethiopia","Ethiopia","farming system-mixed","The project targets educational extension models like farmer field schools in Ethiopia.","Participatory extension models, such as farmer field schools, accelerated knowledge diffusion among others in Ethiopia.","Drought and land degradation compromise smallholder farming systems' resilience.","smallholder farmer","RFS achieved improved land management and biodiversity landscapes (144% of target) in Ethiopia.","","","","outcome","The results are generally backed by program aggregates.","2"
"27","P002","GLO18","G015.2","Ghana","Ghana","farming system-mixed","The project targets educational extension models, value chain support, and infrastructural needs in Ghana.","RFS child project supported participatory extension models like farmer field schools and lead farmer approaches, and value chains in Ghana.","RFS child project is well matched to beneficiary needs such as land degredation and the associated heightened concerns about resilience and household food security.","women (female-headed households)","RFS activities in Ghana have been linked to climate-smart agriculture and land management, mproved productivity and, in some cases, market access
and income diversification.","","","","outcome","The results are generally backed by program aggregates, and, in the case of Ghana, by some country-specific findings detailed in the case study.","2"
"28","P002","GLO17","P001.4","Kenya","Kenya","farming system-mixed","The project targets both the support of national and district-level planning frameworks and participatory extension models in Kenya.","In Kenya, RFS aimed to support national and district-level planning frameworks, often linked to national food security strategies, specifically the establishment of the Upper Tana Nairobi Water Fund (UTNWF).","The intervention aims to address land and soil degradation.","smallholder farmer","RFS activities helped decentralise planning, and agreed on memoranda of understanding (MoU) with local authorities that aligned national frameworks with district action.","","","","outcome","The results are generally backed by program aggregates.","2"
"29","P002","GLO17","P001.9","Malawi","Malawi","farming system-mixed","The project targets both irrigation infrastructure and extension services.","RFS activities in Malawi supported irrigation infrastructure improvements and participatory extension models.","Water scarcity and drought is leading to heightened concerns about resilience of smallholder farming systems and household food security.","smallholder farmer","Increased agricultural productivity and improved yields were stated as results.","","","","outcome","The results are generally backed by program aggregates.","2"
"30","P002","GLO17","P001.5","Niger","Niger","farming system-mixed","The project targets both irrigation infrastructure improvements and policy improvements.","In Niger, RFS aimed to support national and district-level planning frameworks, namely the Family Farming Development Programme (ProDAF).","Drought and land degradation compromise smallholder farming systems' resilience.","smallholder farmer","The ProDAF project in Niger built capacity for more than 13,000 producers through farmer field schools","13000","producers","individual","outcome","The results are generally backed by program aggregates.","2"
"31","P002","GLO27","P001.8","Nigeria","Nigeria","land use","The project targets the prevention of land degradation and food insecurity.","In Nigeria, RFS interventions included helping stakeholders see reduced land degradation through sustainable farming as integral to economic growth, supporting small-scale irrigation technologies (treadle pumps), value chain partnerships, brokering agreements and supporting contract farming models, and tracking partnerships with private sector entities to develop interstate food commodity value chains under public-private partnerships.","RFS child project addressed the interdependence between food security and ecosystem health.","smallholder farmer","Facilities such as agricultural centers were established to ensure farmers' education on the interdependence of land conservation and food security.","","","","outcome","The results are generally backed by program aggregates.","2"
"32","P002","GLO17","P001.6","Senegal","Senegal","farming system-mixed","The project targets the improvement of agricultural value chains in Senegal.","RFS child project in Senegal developed soil phosphate application, wet sowing techniques, and integrated market gardens.","Climate variability threatens the resilience of agricultural value chains.","smallholder farmer","Seed-producer networks and increased household income were commonly reported results.","","","","outcome","The results are generally backed by program aggregates.","2"
"33","P002","GLO17","P002.3","Tanzania","Tanzania","farming system-mixed","The project targets policy harmonistation via extension services.","This project seeks to achieve political coherence across the policy cycle by strengthening local and district-level institutional capacity in participatory joint land-use mapping, planning, and regulation, facilitating activities like training of facilitators of farmer field schools (FFS) and enhancing stakeholder consultation, adoption, implementation, and enforcement processes.","Despite the decentralized and participatory framework being in place for decades, few Village Land Use Plans (VLUPs) for SLM and forest conservation have been developed and implemented, leading to food insecurity and land degradation.","community","Enhanced village land use planning was reported, leading to a more sustainable cultivation of staple crops like maize.","","","","outcome","The results are generally backed by program aggregates.","2"
"34","P002","GLO27","P002.4","Karamoja","Uganda","farming system-mixed","The project targets the education on agronomic best practices.","The FOOD IAP’s CP introduced high-yield, drought-resistant sorghum, cassava and sweet potato varieties, and set up demonstration gardens (e.g. irrigated vegetables via drip) to showcase agronomic best practices in Uganda's Karamoja region, while also focusing on value chain partnerships, brokering agreements and supporting contract farming models.","The project tackles drought and water scarcity in addition to a lack of knowledge on drought-resistant crops and climate-smart agriculture.","smallholder farmer","CP results were incorporated into Uganda’s third National Development Plan (NDPIII) and influenced the passage of the 2021 Climate Change Act, and environmental sustainability was promoted through the adoption of sustainable practices such as climate-smart agriculture, sustainable fishing practices, and digital monitoring systems, which led to achievement of global environmental benefits like carbon sequestration and land restoration.","","","","outcome","The results are generally backed by program aggregates.","2"
"35","P003","GLO27","P003.1","Liberia","Liberia","agri-food","The project targets the support of  sustainable palm oil value chains.","The GGP's intervention in Liberia supported palm oil outgrowers to adopt better practices by establishing a national multi-stakeholder platform for the palm oil sector to facilitate dialogue between government, private sector (MANCO/MPOI), and communities, supporting conservation agreements, and piloting a Producer Support System Toolkit to improve yields and created alternative sustainable livelihoods for 2,800+ people.","The intervention aims to reduce deforestation from commodity production by helping producers to avoid unsustainable practices like pit-sawing, charcoal production, and bushmeat hunting.","smallholder farmer","2,829 smallholder farmers were reached and supported in adopting more sustainable practices and 5,000 hectares of HCV forest were protected, leading to 13.6 million mtCO2 emissions avoided.","2829","beneficiaries","individual","outcome","Terminal evaluation and program monitoring were used.","2"
"36","P004","GLO15","P004.2; P004.3","Maio; São Vicente","Cabo Verde","farming system-fish","The project targets the cold chain and markets of Cabo Verde's artisanal fisheries sector.","Project interventions supported cold chain and market access improvements through the supply of refrigeration equipment, an ice production unit and a refrigerated truck.","It is necessary to bolster small-scale coastal fisheries governance to secure environmental, social, and economic benefits and address overfishing and resource depletion, and to improve the quality of fishery products, decent working conditions, and to reduce the arduousness and ecological harm of fish processing.","artisanal fisher","Notable policy advances were reported in aligning fisheries governance, policies, and regulations with ecosystem-based management and equipment was installed. 240 out of the 409 beneficiaries were women, with 100 percent of beneficiaries adopting improved methods.","409","beneficiaries","individual","outcome","Evidence seems to be based on general project implementation review and terminal evaluation.","2"
"37","P004","GLO15","P004.4; P004.5","Sassandra; Locodjro","Côte d'Ivoire","farming system-fish","The project targets preparatory work with fisheries cooperatives in Côte d'Ivoire.","Interventions focused on the implementation of the FAO-Thiaroye Processing Technique (FTT-Thiaroye) ovens and rehabilitation of ovens set up by Moroccan cooperation.","To reduce post-harvest losses, improve the quality of fishery products and decent working conditions, and to restore mangrove ecosystems.","artisanal fisher","Côte d'Ivoire focused on preparatory work with fisheries cooperatives, with 91.5 percent adopting improved professional practices.","1414","beneficiaries","individual","output","Evidence seems to be based on general project implementation review and terminal evaluation.","2"
"38","P004","GLO15","P004.6; P004.7","Dionewar; Saloum Islands","Senegal","farming system-fish","The project targets preparatory work with fisheries cooperatives in Senegal.","Interventions focused on the implementation of the FAO-Thiaroye Processing Technique (FTT-Thiaroye) ovens and mangrove restoration in the Saloum Islands.","It is necessary to bolster small-scale coastal fisheries governance to secure environmental, social, and economic benefits and address overfishing and resource depletion, and to improve the quality of fishery products and decent working conditions, and to restore mangrove ecosystems.","artisanal fisher","Senegal focused on preparatory work with fisheries cooperatives, with 66 percent adopting improved professional practices and a reforestation success rate of about 75 percent in 2020.","13200","fishers, processors, wholesalers","individual","outcome","Evidence seems to be based on general project implementation review and terminal evaluation.","2"
"39","P005","UK15","P005.1","Cuamba","Mozambique","farming system-mixed","The project targets input distribution, association building, and training for smallholder farmers of cash and food crops.","Interventions included the distribution of seeds, fertilizers, tools, goats and the training of smallholder farmers in association governance and marketing.","The project seeks to address food security issues, pests like the mosaic streak virus, Striga (witchweed), and rats.","farmer association","100% of groups received seeds or other agricultural inputs, and 43% received training.","","","","output","Consultants visited 29 associations to implement a survey questionnaire with 28 associations in five districts.","2"
"40","P005","UK15","P005.2","Mecanhelas","Mozambique","farming system-mixed","The project targets input distribution, association building, and training for smallholder farmers of cash and food crops.","Interventions included the distribution of seeds, fertilizers, tools, goats and the training of smallholder farmers in association governance and marketing.","The project seeks to address food security issues, pests like the mosaic streak virus, Striga (witchweed), and rats.","farmer association","100% of groups received seeds or other agricultural inputs, and 43% received training.","","","","output","Consultants visited 29 associations to implement a survey questionnaire with 28 associations in five districts.","2"
"41","P005","UK15","P005.3","Mandimba","Mozambique","farming system-mixed","The project targets input distribution, association building, and training for smallholder farmers of cash and food crops.","Interventions included the distribution of seeds, fertilizers, tools, goats and the training of smallholder farmers in association governance and marketing.","The project seeks to address food security issues, pests like the mosaic streak virus, Striga (witchweed), and rats.","farmer association","100% of groups received seeds or other agricultural inputs, and 43% received training.","","","","output","Consultants visited 29 associations to implement a survey questionnaire with 28 associations in five districts.","2"
"42","P005","UK15","P005.4","Maúa","Mozambique","farming system-mixed","The project targets input distribution, association building, and training for smallholder farmers of cash and food crops.","Interventions included the distribution of seeds, fertilizers, tools, goats and the training of smallholder farmers in association governance and marketing.","The project seeks to address food security issues, pests like the mosaic streak virus, Striga (witchweed), and rats.","farmer association","100% of groups received seeds or other agricultural inputs, and 43% received training.","","","","output","Consultants visited 29 associations to implement a survey questionnaire with 28 associations in five districts.","2"
"43","P005","UK15","P005.5","Metarica","Mozambique","farming system-mixed","The project targets input distribution, association building, and training for smallholder farmers of cash and food crops.","Interventions included the distribution of seeds, fertilizers, tools, goats and the training of smallholder farmers in association governance and marketing.","The project seeks to address food security issues, pests like the mosaic streak virus, Striga (witchweed), and rats.","farmer association","100% of groups received seeds or other agricultural inputs, and 43% received training.","","","","output","Consultants visited 29 associations to implement a survey questionnaire with 28 associations in five districts.","2"
"44","P006","CON3","G035.1","Cameroon","Cameroon","farming system-crop","The project targets smallscale climate-smart agriculture and rural development in Cameroon.","Integrated Pest Management (IPM) is supported through the training of village brigades, farmers, and extension workers, and field schools on suitable agronomic practices like manure and seed treatment and the provision of resources like Neem extracts and resistant crop varieties.","Interventions seek to reduce pest-related crop losses from insects and Striga to strengthen food security and reduce reliance on toxic chemicals.","community","30 village farmers and 5 extension workers within 5 village brigades were reached, there was a 177% increase in family labour value and 90% farmers found Neem to be effective.","","","","outcome","The project relies on quasi-experimental evidence derived from controlled field trials comparing IPM-treated plots against traditional control plots, supplemented by standardized farm budget modeling and beneficiary surveys to quantify yield gains, pest reduction, and income increases.","2"
"45","P006","CON3","P001.5","Niger","Niger","farming system-crop","The project targets smallscale climate-smart agriculture and rural development with a focus on millet and cowpea in Niger.","Integrated Pest Management (IPM) is supported through the training of village brigades, farmers, and extension workers, and field schools on suitable agronomic practices like manure and seed treatment and the provision of resources like Neem extracts and resistant crop varieties.","Interventions seek to reduce pest-related crop losses from insects and Striga to strengthen food security and reduce reliance on toxic chemicals.","community","30 village farmers and 5 extension workers within 5 village brigades were reached, there was a 177% increase in family labour value and 90% farmers found Neem to be effective.","","","","outcome","The project relies on quasi-experimental evidence derived from controlled field trials comparing IPM-treated plots against traditional control plots, supplemented by standardized farm budget modeling and beneficiary surveys to quantify yield gains, pest reduction, and income increases.","2"
"46","P006","CON3","P001.8","Nigeria","Nigeria","farming system-crop","The project targets smallscale climate-smart agriculture and rural development with a focus on sorghum, maize, and cowpea in Nigeria.","Integrated Pest Management (IPM) is supported through the training of village brigades, farmers, and extension workers, and field schools on suitable agronomic practices like manure and seed treatment and the provision of resources like Neem extracts and resistant crop varieties.","Interventions seek to reduce pest-related crop losses from insects and Striga to strengthen food security and reduce reliance on toxic chemicals.","community","30 village farmers and 5 extension workers within 5 village brigades were reached, there was a 177% increase in family labour value and 90% farmers found Neem to be effective.","","","","outcome","The project relies on quasi-experimental evidence derived from controlled field trials comparing IPM-treated plots against traditional control plots, supplemented by standardized farm budget modeling and beneficiary surveys to quantify yield gains, pest reduction, and income increases.","2"
"47","P006","CON3","P006.1","Chad","Chad","farming system-crop","The project targets smallscale climate-smart agriculture and rural development with a focus on sorghum and millet in Chad.","Integrated Pest Management (IPM) is supported through the training of village brigades, farmers, and extension workers, and field schools on suitable agronomic practices like manure and seed treatment and the provision of resources like Neem extracts and resistant crop varieties.","Interventions seek to reduce pest-related crop losses from insects and Striga to strengthen food security and reduce reliance on toxic chemicals.","community","30 village farmers and 5 extension workers within 5 village brigades were reached, there was a 177% increase in family labour value and 90% farmers found Neem to be effective.","","","","outcome","The project relies on quasi-experimental evidence derived from controlled field trials comparing IPM-treated plots against traditional control plots, supplemented by standardized farm budget modeling and beneficiary surveys to quantify yield gains, pest reduction, and income increases.","2"
"48","P007","CON26","P007.1","Rwamagana","Rwanda","farming system-crop","The project targets crop insurance and financial education in Rwanda's Rwamagana district.","Interventions in Rwamagana include the implementation of financial education programs insurance among smallscale crop farmers and financial insurance product upscaling interventions.","Project tackles unpredictable weather, windstorms, army worms, and poor-quality seeds as the primary challenges impacting farmers' livelihoods and farm production.","smallholder farmer","Farmers articulated an improvement in their farming abilities and risk management practices after attending financial education programs, with >85% of the 33 smallholder farmers engaged attending at least one financial education program.","85.7","attendees of at least 1 financial education program","percentage","outcome","Four FGDs were conducted, engaging 33 smallholder farmers from the Rwamagana and Ngoma districts.","2"
"49","P007","CON26","P007.2","Ngoma","Rwanda","farming system-crop","The project targets crop insurance and financial education in Rwanda's Ngoma district.","Interventions in Ngoma include the implementation of financial education programs insurance among smallscale crop farmers and financial insurance product upscaling interventions.","Project tackles unpredictable weather, windstorms, army worms, and poor-quality seeds as the primary challenges impacting farmers' livelihoods and farm production.","smallholder farmer","Farmers articulated an improvement in their farming abilities and risk management practices after attending financial education programs, with >85% of the 33 smallholder farmers engaged attending at least one financial education program.","85.7","attendees of at least 1 financial education program","percentage","outcome","Four FGDs were conducted, engaging 33 smallholder farmers from the Rwamagana and Ngoma districts.","2"
"50","P008","CON26","P008.1","Intara y'Iburasirazuba","Rwanda","farming system-crop","The project targets the upscaling of agricultural insurance among smallholder farmers in Rwanda's Eastern province.","Interventions in Rwanda's Eastern province included agricultural insurance programs and financial literacy campaigns.","The Eastern province has a semi-dry climate and a lower altitude compared to the rest of Rwanda, making it more prone to climatic adversities and crop production risks.","smallholder farmer","High insurance uptake rate reported.","","","","outcome","Interviews were conducted with key informants of the province.","2"
"51","P008","CON26","P008.2","Intara y'Amajyepfo","Rwanda","farming system-crop","The project targets the upscaling of agricultural insurance among smallholder farmers in Rwanda's Southern province.","Interventions in Rwanda's Southern province included agricultural insurance programs and financial literacy campaigns.","The Southern province shares some biophysical attributes with the Eastern Province, such as lower altitude and greater risks for crop production.","smallholder farmer","High insurance uptake rate reported.","","","","outcome","Interviews were conducted with key informants of the province.","2"
"52","P008","CON26","P008.3","Intara y'Amajyaruguru","Rwanda","farming system-crop","The project targets the upscaling of agricultural insurance among smallholder farmers in Rwanda's Northern province.","Interventions in Rwanda's Northern province included agricultural insurance programs and financial literacy campaigns.","The Northern province, although less prone to drought and crop failures due to its cooler and wet climates, is also characterized by livelihood challenges for smallholder crop farmers due to unpredictable weather.","smallholder farmer","Surprisingly, most of farmers in these regions had not subscribed to any form of insurance cover, and sustained effort is being deployed to reverse the trend.","","","","outcome","Interviews were conducted with key informants of the province.","2"
"53","P008","CON26","P008.4","Intara y'Uburengerazuba","Rwanda","farming system-crop","The project targets the upscaling of agricultural insurance among smallholder farmers in Rwanda's Western province.","Interventions in Rwanda's Western province included agricultural insurance programs and financial literacy campaigns.","The Western province, although less prone to drought and crop failures due to its cooler and wet climates, is also characterized by livelihood challenges for smallholder crop farmers due to unpredictable weather.","smallholder farmer","Surprisingly, most of farmers in these regions had not subscribed to any form of insurance cover, and sustained effort is being deployed to reverse the trend.","","","","outcome","Interviews were conducted with key informants of the province.","2"
"54","P008","CON26","P008.5","Kigali","Rwanda","farming system-crop","The project targets the upscaling of agricultural insurance among smallholder farmers in Kigali.","Interventions in Kigali included agricultural insurance programs and financial literacy campaigns.","Urban nature and the corresponding lack of smallholder farmers made it challenging for the project to gain foothold.","smallholder farmer","No insurance uptake rate reported.","","","","outcome","Interviews were conducted with key informants of the province.","2"
"55","P009","GLO18","P001.13","Comoros","Comoros","farming system-fish","The project focuses on selected priority fisheries at regional, national and community level of the Union of Comoros.","The Project Development Objective is to improve the management effectiveness of selected priority fisheries at regional, national and community level.","Deficient management of small-scale fisheries and monitoring of offshore tuna fisheries.","artisanal fisher","Six CMUs composed of fishing community members from 15 villages in Anjouan, Moheli, and Grand Comore islands, achieved two of the four performance targets as planned, and the project benefitted 22,762 beneficiaries (21 percent female) ... 13 operational fisheries infrastructures were built.","6","functional co-management units","number","outcome","Data from consultation and validation workshops, beneficiary calculations, and a modern statistical data collection and transmittal system using Open Data Kit Interface.","2"
"56","P009","GLO18","P009.1","Mozambique","Mozambique","farming system-fish","The project focuses on selected priority fisheries at regional, national and community level of Mozambique.","The Project Development Objective is to improve the management effectiveness of selected priority fisheries at regional, national and community level in Mozambique.","Weak management of shallow-water shrimp fisheries, and the artisanal fleet had sharply increased, risking overexploitation.","artisanal fisher","43 CCPs achieved three of the four performance targets, exceeding the 30 CCP target, 98,485 beneficiaries (of which 48 percent were female) were reached and five infrastructures to support artisanal fisheries were completed and were operational.","43","functional co-management units","number","outcome","Data was collected through stock assessments and beneficiary calculations.","2"
"57","P009","GLO18","P002.3","Tanzania","Tanzania","farming system-fish","The project focuses on selected priority fisheries at regional, national and community level of Tanzania.","The Project Development Objective is to improve the management effectiveness of selected priority fisheries at regional, national and community level in Tanzania.","Weak legal and institutional framework, weak human capacity, and insufficient post-harvest infrastructure.","artisanal fisher","116 out of 149 co-management units supported in mainland Tanzania and Zanzibar achieved at least two performance targets, and the project benefitted 257,071 beneficiaries (4 percent of which female), and 23 targeted fisheries management infrastructure were operationalized.","78","functional community-based management units","percentage","outcome","In Mainland Tanzania, the previous Catch Assessment Survey (CAS, using Microsoft Access) database was converted into an electronic CAS database system (eCAS database) with features that include a mobile phone application to facilitate data transfer and sharing... In Zanzibar, data collection applies a new catch sampling protocol in all of Zanzibar’s landing sites.","2"
"58","P010","ZA2","P001.9","Malawi","Malawi","farming system-mixed","The project targets agricultural extension, research, and the support of improved agricultural technologies like seed varieties, with a focus on maize in Malawi.","The objective of this component was to finance technology generation and dissemination activities associated with the commodity group being targeted by the Regional Center of Leadership (RCoL) at Chitedze Agricultural Research Station, with maize-focused field demonstrations and trainings of lead farmers implemented in Malawi.","Agricultural research and development (R&D) were and continue to remain underfunded in Africa, and Southern Africa was no exception.","smallholder farmer","Malawi alone contributed 50 percent of the total beneficiaries reached; DVD on production of Nerica rice aired on the Malawi Broadcasting Corporation TV Station, MBC Radio and channel; 32 maize varieties generated (highest among 3 crops); 44 legume varieties; 5 rice varieties; 8 agronomic practices; 4 post-harvest technologies; Chitedze, Bvumbwe, Kasinthula research facilities rehabilitated; 18,208 lead farmers reached; 49% female beneficiaries; 2,338,654 total direct beneficiaries","81 || 95","improved seed varieties generated","number","output","The project conducted adoption studies which followed good econometric methodologies. ","2"
"59","P010","ZA3","P009.1","Mozambique","Mozambique","farming system-mixed","The project targets agricultural extension, research, and the support of improved agricultural technologies like seed varieties, with a focus on rice and post-harvest technologies in Mozambique.","In Mozambique, the Regional Center of Leadership (RCoL) at Instituto de Investigação Agrária de Moçambique (IIAM) focused on research on rice and post-harvest technologies, while also implementing field demonstrations and trainings of lead farmers.","Agricultural research and development (R&D) were and continue to remain underfunded in Africa, and Southern Africa was no exception.","smallholder farmer","In Mozambique, the project achieved 10 rice varieties generated; 12 maize varieties; 23 legume varieties; 19 agronomic practices; 45 post-harvest technologies (highest among 3 countries); new Regional Center for Rice Leadership and Research in Namacurra District constructed; 7 irrigation systems rehabilitated; Mozambique shared 97% of post-harvest, labor saving and processing technologies regionally; 10,600 lead farmers reached; 30% female beneficiaries; 1,000,000 total direct beneficiaries","45 || 115","improved seed varieties generated","number","output","The project conducted adoption studies which followed good econometric methodologies. In Mozambique, APPSA varieties (cereals, legumes and rice) are among the top 3 varieties stocked by surveyed agro-dealers.","2"
"60","P010","ZA4","L011.5","Zambia","Zambia","farming system-mixed","The project targets agricultural extension, research, and the support of improved agricultural technologies like seed varieties, with a focus on legumes in Zambia.","Zambia RCoL (under the Zambia Agricultural Research Institute, ZARI) specialized in legumes.","Agricultural research and development (R&D) were and continue to remain underfunded in Africa, and Southern Africa was no exception.","smallholder farmer","In Zambia, the project supported 23 legume varieties generated (highest among 3 crops); 10 maize varieties; 6 rice varieties; 16 agronomic practices; 32 post-harvest technologies. Infrastructure: Mt. Makulu and Kabwe research stations rehabilitated; soil laboratories funded; Zambia shared the most legume seed varieties regionally and released two ground nut varieties to Malawi; 11,664 lead farmers reached; 37% female beneficiaries; 1,274,292 total direct beneficiaries","81 || 91","improved seed varieties generated","number","output","The project conducted adoption studies which followed good econometric methodologies. An assessment by Kapunda et al. (2019) on maize, rice, common bean and soybean yield in Zambia for the 2017/2018 agricultural season found that APPSA farmers had better yields than non-APPSA farmers. It attributed the results to concerted efforts of combination of both good varieties and agronomic practices","2"
