key_a,title_a,managed_a,key_b,title_b,managed_b,matched_on,confidence
GDE8CD6I,[standalone] gcf_FP049_EvaluationReport_2.pdf,FALSE,6IVQ9B94,GCF FP049 — Final evaluation,TRUE,md5(standalone-att),high
3G8V6UEH,[standalone] gcf_FP049_EvaluationReport_2.pdf,FALSE,6IVQ9B94,GCF FP049 — Final evaluation,TRUE,md5(standalone-att),high
V4AZXWCU,[standalone] gcf_FP049_EvaluationReport_2.pdf,FALSE,6IVQ9B94,GCF FP049 — Final evaluation,TRUE,md5(standalone-att),high
TXGTJIRY,[standalone] gcf_FP024_EvaluationReport_2.pdf,FALSE,EJZ3SGJZ,GCF FP024 — Evaluation report,TRUE,md5(standalone-att),high
EQYIHMKY,[standalone] gcf_FP024_EvaluationReport_1.pdf,FALSE,Q3T4DJTD,GCF FP024 — Evaluation report,TRUE,md5(standalone-att),high
DT9VC5I5,[standalone] gcf_FP024_EvaluationReport_2.pdf,FALSE,EJZ3SGJZ,GCF FP024 — Evaluation report,TRUE,md5(standalone-att),high
ADJ6N5BC,[standalone] gcf_FP024_EvaluationReport_1.pdf,FALSE,Q3T4DJTD,GCF FP024 — Evaluation report,TRUE,md5(standalone-att),high
KXYB6APJ,[standalone] gcf_FP023_EvaluationReport_2.pdf,FALSE,STWBKPEV,GCF FP023 — Evaluation report,TRUE,md5(standalone-att),high
Y6I3FKKU,[standalone] gcf_FP023_EvaluationReport_1.pdf,FALSE,XQJIH3EE,GCF FP023 — Evaluation report,TRUE,md5(standalone-att),high
UXU4QXBH,[standalone] gcf_FP024_ProjectCompletionReport.pdf,FALSE,CDSTHF4F,GCF FP024 — Project completion report,TRUE,md5(standalone-att),high
XZW9JTRT,[standalone] gcf_FP059_EvaluationReport.pdf,FALSE,9U8UHZKF,[standalone] gcf_FP059_EvaluationReport.pdf,FALSE,md5(standalone-standalone),high
P4958VLD,[standalone] gcf_FP044_EvaluationReport.pdf,FALSE,62W98AG8,[standalone] gcf_FP044_EvaluationReport.pdf,FALSE,md5(standalone-standalone),high
62W98AG8,[standalone] gcf_FP044_EvaluationReport.pdf,FALSE,L5XCD3FS,[standalone] gcf_FP044_EvaluationReport.pdf,FALSE,md5(standalone-standalone),high
4EL5JMKC,[standalone] gcf_FP070_EvaluationReport.pdf,FALSE,RWJCRHJG,[standalone] gcf_FP070_EvaluationReport.pdf,FALSE,md5(standalone-standalone),high
8A3I2MUB,[standalone] gcf_FP041_EvaluationReport.pdf,FALSE,X39ZP6A5,[standalone] gcf_FP041_EvaluationReport.pdf,FALSE,md5(standalone-standalone),high
X39ZP6A5,[standalone] gcf_FP041_EvaluationReport.pdf,FALSE,4NSWL7VN,[standalone] gcf_FP041_EvaluationReport.pdf,FALSE,md5(standalone-standalone),high
RBJMEINY,[standalone] gcf_FP043_EvaluationReport.pdf,FALSE,NF6FMPUK,[standalone] gcf_FP043_EvaluationReport.pdf,FALSE,md5(standalone-standalone),high
NF6FMPUK,[standalone] gcf_FP043_EvaluationReport.pdf,FALSE,9CY6TQXN,[standalone] gcf_FP043_EvaluationReport.pdf,FALSE,md5(standalone-standalone),high
NFD25QUA,[standalone] gcf_FP067_EvaluationReport.pdf,FALSE,5AT78ANK,[standalone] gcf_FP067_EvaluationReport.pdf,FALSE,md5(standalone-standalone),high
V4V5EYB3,[standalone] gcf_FP036_EvaluationReport.pdf,FALSE,ZUL6AB6N,[standalone] gcf_FP036_EvaluationReport.pdf,FALSE,md5(standalone-standalone),high
ES95V95U,[standalone] gcf_FP072_EvaluationReport.pdf,FALSE,GJZSDGDV,[standalone] gcf_FP072_EvaluationReport.pdf,FALSE,md5(standalone-standalone),high
KLNTDYWJ,[standalone] gcf_FP069_EvaluationReport.pdf,FALSE,7GGG4V68,[standalone] gcf_FP069_EvaluationReport.pdf,FALSE,md5(standalone-standalone),high
NDNMFLBH,[standalone] gcf_FP034_EvaluationReport.pdf,FALSE,RBZN8W5T,[standalone] gcf_FP034_EvaluationReport.pdf,FALSE,md5(standalone-standalone),high
PFIXRZRC,[standalone] gcf_FP064_EvaluationReport.pdf,FALSE,HCKT8XCJ,[standalone] gcf_FP064_EvaluationReport.pdf,FALSE,md5(standalone-standalone),high
2IJE99L4,[standalone] gcf_FP046_EvaluationReport_1.pdf,FALSE,3QWJWCWH,[standalone] gcf_FP046_EvaluationReport_1.pdf,FALSE,md5(standalone-standalone),high
3QWJWCWH,[standalone] gcf_FP046_EvaluationReport_1.pdf,FALSE,VENSXLHP,[standalone] gcf_FP046_EvaluationReport_1.pdf,FALSE,md5(standalone-standalone),high
JXFU3Z57,[standalone] gcf_FP037_EvaluationReport.pdf,FALSE,4VVI7SA4,[standalone] gcf_FP037_EvaluationReport.pdf,FALSE,md5(standalone-standalone),high
4VVI7SA4,[standalone] gcf_FP037_EvaluationReport.pdf,FALSE,ZS9ZUTFV,[standalone] gcf_FP037_EvaluationReport.pdf,FALSE,md5(standalone-standalone),high
EQYIHMKY,[standalone] gcf_FP024_EvaluationReport_1.pdf,FALSE,ADJ6N5BC,[standalone] gcf_FP024_EvaluationReport_1.pdf,FALSE,md5(standalone-standalone),high
23DZV4RM,[standalone] gcf_FP062_EvaluationReport.pdf,FALSE,ILGC5VU5,[standalone] gcf_FP062_EvaluationReport.pdf,FALSE,md5(standalone-standalone),high
Z8KWUKFG,[standalone] gcf_FP047_EvaluationReport.pdf,FALSE,W89U6H57,[standalone] gcf_FP047_EvaluationReport.pdf,FALSE,md5(standalone-standalone),high
W89U6H57,[standalone] gcf_FP047_EvaluationReport.pdf,FALSE,2WJNQKHV,[standalone] gcf_FP047_EvaluationReport.pdf,FALSE,md5(standalone-standalone),high
MLASGB2B,[standalone] gcf_FP073_EvaluationReport.pdf,FALSE,GGBH558H,[standalone] gcf_FP073_EvaluationReport.pdf,FALSE,md5(standalone-standalone),high
VLU9V7EX,[standalone] gcf_FP053_EvaluationReport.pdf,FALSE,LNRC7MIK,[standalone] gcf_FP053_EvaluationReport.pdf,FALSE,md5(standalone-standalone),high
DJ6MF2R2,[standalone] gcf_FP033_EvaluationReport.pdf,FALSE,YJ3P7N6F,[standalone] gcf_FP033_EvaluationReport.pdf,FALSE,md5(standalone-standalone),high
HW485QYD,[standalone] gcf_FP051_EvaluationReport.pdf,FALSE,6PTPWHD2,[standalone] gcf_FP051_EvaluationReport.pdf,FALSE,md5(standalone-standalone),high
BLTCCLTS,[standalone] gcf_FP039_EvaluationReport.pdf,FALSE,FFPDYZX8,[standalone] gcf_FP039_EvaluationReport.pdf,FALSE,md5(standalone-standalone),high
FFPDYZX8,[standalone] gcf_FP039_EvaluationReport.pdf,FALSE,MHHZAY47,[standalone] gcf_FP039_EvaluationReport.pdf,FALSE,md5(standalone-standalone),high
65U4YA68,[standalone] gcf_FP056_EvaluationReport.pdf,FALSE,GCBZ6LXB,[standalone] gcf_FP056_EvaluationReport.pdf,FALSE,md5(standalone-standalone),high
TXGTJIRY,[standalone] gcf_FP024_EvaluationReport_2.pdf,FALSE,DT9VC5I5,[standalone] gcf_FP024_EvaluationReport_2.pdf,FALSE,md5(standalone-standalone),high
FISVIPCA,[standalone] gcf_FP040_EvaluationReport.pdf,FALSE,B229TY43,[standalone] gcf_FP040_EvaluationReport.pdf,FALSE,md5(standalone-standalone),high
B229TY43,[standalone] gcf_FP040_EvaluationReport.pdf,FALSE,3YLBA5XG,[standalone] gcf_FP040_EvaluationReport.pdf,FALSE,md5(standalone-standalone),high
ACG33BMK,[standalone] gcf_FP042_EvaluationReport.pdf,FALSE,P86KGP79,[standalone] gcf_FP042_EvaluationReport.pdf,FALSE,md5(standalone-standalone),high
P86KGP79,[standalone] gcf_FP042_EvaluationReport.pdf,FALSE,MHIABTCI,[standalone] gcf_FP042_EvaluationReport.pdf,FALSE,md5(standalone-standalone),high
VGM44DQG,[standalone] gcf_FP068_EvaluationReport.pdf,FALSE,RY2XCGWF,[standalone] gcf_FP068_EvaluationReport.pdf,FALSE,md5(standalone-standalone),high
GDE8CD6I,[standalone] gcf_FP049_EvaluationReport_2.pdf,FALSE,3G8V6UEH,[standalone] gcf_FP049_EvaluationReport_2.pdf,FALSE,md5(standalone-standalone),high
3G8V6UEH,[standalone] gcf_FP049_EvaluationReport_2.pdf,FALSE,V4AZXWCU,[standalone] gcf_FP049_EvaluationReport_2.pdf,FALSE,md5(standalone-standalone),high
ERYP47WK,[standalone] gcf_FP046_EvaluationReport_2.pdf,FALSE,KVTBAV94,[standalone] gcf_FP046_EvaluationReport_2.pdf,FALSE,md5(standalone-standalone),high
KVTBAV94,[standalone] gcf_FP046_EvaluationReport_2.pdf,FALSE,MHHCMU9U,[standalone] gcf_FP046_EvaluationReport_2.pdf,FALSE,md5(standalone-standalone),high
7U49IMCH,[standalone] gcf_FP049_EvaluationReport_1.pdf,FALSE,WEQCIPZH,[standalone] gcf_FP049_EvaluationReport_1.pdf,FALSE,md5(standalone-standalone),high
WEQCIPZH,[standalone] gcf_FP049_EvaluationReport_1.pdf,FALSE,3T9ZQZWP,[standalone] gcf_FP049_EvaluationReport_1.pdf,FALSE,md5(standalone-standalone),high
